Timestamp,15IDC:Alicat1:Flow_RBV
2026/09/24 09:48:01.690,0.25
2026/09/24 09:48:35.691,0.26
2026/09/24 09:48:48.690,0.25
2026/09/24 09:49:23.690,0.26
2026/09/24 09:49:36.690,0.26
2026/09/24 09:49:52.691,0.25
2026/09/24 09:50:18.690,0.24
2026/09/24 09:50:25.690,0.25
2026/09/24 09:51:04.690,0.24
2026/09/24 09:51:05.690,0.25
2026/09/24 09:51:24.691,0.24
2026/09/24 09:51:25.691,0.25
2026/09/24 09:52:07.689,0.25
2026/09/24 09:52:37.689,0.25
2026/09/24 09:53:11.690,0.25
2026/09/24 09:53:43.690,0.24
2026/09/24 09:53:58.689,0.26
2026/09/24 09:54:16.690,0.25
2026/09/24 09:54:39.689,0.25
2026/09/24 09:55:06.690,0.26
2026/09/24 09:55:16.690,0.25
2026/09/24 09:56:10.690,0.24
2026/09/24 09:56:17.690,0.25
2026/09/24 09:56:34.690,0.24
2026/09/24 09:56:46.691,0.26
2026/09/24 09:57:01.692,0.24
2026/09/24 09:57:15.690,0.24
2026/09/24 09:57:25.691,0.24
2026/09/24 09:57:39.691,0.26
2026/09/24 09:57:40.689,0.25
2026/09/24 09:58:07.691,0.24
2026/09/24 09:58:17.691,0.24
2026/09/24 09:58:35.691,0.24
2026/09/24 09:58:46.690,0.26
2026/09/24 09:58:56.691,0.24
2026/09/24 09:59:10.690,0.24
2026/09/24 09:59:18.691,0.25
2026/09/24 09:59:34.691,0.25
2026/09/24 10:00:08.691,0.26
2026/09/24 10:00:15.690,0.25
2026/09/24 10:00:49.690,0.24
2026/09/24 10:00:56.690,0.25
2026/09/24 10:01:14.690,0.26
2026/09/24 10:01:15.690,0.25
2026/09/24 10:01:32.690,0.24
2026/09/24 10:01:42.691,0.25
2026/09/24 10:01:57.689,0.25
2026/09/24 10:02:32.690,0.24
2026/09/24 10:02:42.690,0.25
2026/09/24 10:02:58.691,0.24
2026/09/24 10:03:17.691,0.25
2026/09/24 10:03:38.690,0.24
2026/09/24 10:03:59.689,0.26
2026/09/24 10:04:00.690,0.25
2026/09/24 10:04:25.691,0.26
2026/09/24 10:04:31.690,0.25
2026/09/24 10:04:49.690,0.25
2026/09/24 10:05:24.689,0.26
2026/09/24 10:05:27.690,0.25
2026/09/24 10:05:43.689,0.26
2026/09/24 10:05:48.690,0.25
2026/09/24 10:06:02.689,0.26
2026/09/24 10:06:08.690,0.25
2026/09/24 10:06:24.690,0.26
2026/09/24 10:06:25.690,0.25
2026/09/24 10:06:52.690,0.25
2026/09/24 10:07:05.691,0.26
2026/09/24 10:07:18.690,0.25
2026/09/24 10:07:34.691,0.24
2026/09/24 10:07:49.689,0.25
2026/09/24 10:08:16.690,0.24
2026/09/24 10:08:26.690,0.26
2026/09/24 10:08:35.690,0.25
2026/09/24 10:08:53.690,0.26
2026/09/24 10:09:07.692,0.25
2026/09/24 10:09:24.691,0.26
2026/09/24 10:09:37.690,0.24
2026/09/24 10:09:54.690,0.24
2026/09/24 10:10:04.689,0.24
2026/09/24 10:10:14.689,0.25
2026/09/24 10:10:26.689,0.24
2026/09/24 10:10:32.691,0.25
2026/09/24 10:11:34.689,0.26
2026/09/24 10:11:41.691,0.25
2026/09/24 10:11:54.690,0.24
2026/09/24 10:11:59.690,0.25
2026/09/24 10:12:14.690,0.25
2026/09/24 10:12:47.689,0.26
2026/09/24 10:13:07.691,0.25
2026/09/24 10:13:22.690,0.24
2026/09/24 10:13:39.690,0.26
2026/09/24 10:13:40.690,0.25
2026/09/24 10:14:00.690,0.26
2026/09/24 10:14:12.689,0.25
2026/09/24 10:14:28.691,0.26
2026/09/24 10:14:40.691,0.24
2026/09/24 10:14:57.689,0.25
2026/09/24 10:15:12.688,0.24
2026/09/24 10:15:19.691,0.25
2026/09/24 10:15:49.691,0.24
2026/09/24 10:15:50.691,0.25
2026/09/24 10:16:22.691,0.25
2026/09/24 10:16:40.690,0.24
2026/09/24 10:16:50.691,0.25
2026/09/24 10:17:01.690,0.25
2026/09/24 10:17:23.690,0.26
2026/09/24 10:17:32.690,0.25
2026/09/24 10:17:53.689,0.26
2026/09/24 10:18:03.689,0.26
2026/09/24 10:18:20.690,0.24
2026/09/24 10:18:39.691,0.25
2026/09/24 10:19:01.690,0.24
2026/09/24 10:19:09.689,0.25
2026/09/24 10:19:59.691,0.26
2026/09/24 10:20:11.690,0.24
2026/09/24 10:20:15.690,0.25
2026/09/24 10:20:34.690,0.25
2026/09/24 10:20:58.689,0.26
2026/09/24 10:21:12.689,0.25
2026/09/24 10:21:44.692,0.26
2026/09/24 10:21:52.691,0.25
2026/09/24 10:22:09.689,0.24
2026/09/24 10:22:10.689,0.25
2026/09/24 10:22:34.691,0.25
2026/09/24 10:23:05.690,0.26
2026/09/24 10:23:22.689,0.25
2026/09/24 10:24:08.690,0.24
2026/09/24 10:24:12.690,0.25
2026/09/24 10:24:26.690,0.26
2026/09/24 10:24:40.691,0.26
2026/09/24 10:24:50.690,0.25
2026/09/24 10:24:59.692,0.25
2026/09/24 10:25:19.690,0.24
2026/09/24 10:25:30.691,0.26
2026/09/24 10:25:35.690,0.25
2026/09/24 10:26:04.690,0.24
2026/09/24 10:26:16.689,0.25
2026/09/24 10:26:37.691,0.24
2026/09/24 10:26:46.689,0.25
2026/09/24 10:27:15.691,0.26
2026/09/24 10:27:24.689,0.25
2026/09/24 10:28:06.692,0.24
2026/09/24 10:28:29.690,0.25
2026/09/24 10:29:04.690,0.24
2026/09/24 10:29:05.690,0.25
2026/09/24 10:29:24.690,0.26
2026/09/24 10:29:25.690,0.25
2026/09/24 10:29:51.691,0.26
2026/09/24 10:30:09.690,0.25
2026/09/24 10:30:29.690,0.24
2026/09/24 10:30:41.691,0.26
2026/09/24 10:30:50.691,0.25
2026/09/24 10:31:02.690,0.26
2026/09/24 10:31:07.690,0.25
2026/09/24 10:31:24.689,0.24
2026/09/24 10:31:39.691,0.25
2026/09/24 10:31:54.691,0.26
2026/09/24 10:32:05.691,0.26
2026/09/24 10:32:10.691,0.25
2026/09/24 10:32:24.689,0.24
2026/09/24 10:32:28.689,0.25
2026/09/24 10:33:03.690,0.24
2026/09/24 10:33:07.689,0.25
2026/09/24 10:33:35.691,0.24
2026/09/24 10:33:49.690,0.24
2026/09/24 10:33:50.690,0.25
2026/09/24 10:34:11.691,0.24
2026/09/24 10:34:21.691,0.25
2026/09/24 10:34:30.690,0.25
2026/09/24 10:34:45.689,0.24
2026/09/24 10:34:51.689,0.25
2026/09/24 10:35:03.690,0.24
2026/09/24 10:35:14.691,0.24
2026/09/24 10:35:15.691,0.25
2026/09/24 10:35:50.690,0.26
2026/09/24 10:36:03.690,0.24
2026/09/24 10:36:19.689,0.25
2026/09/24 10:36:53.689,0.25
2026/09/24 10:37:16.690,0.24
2026/09/24 10:37:29.691,0.24
2026/09/24 10:37:30.691,0.25
2026/09/24 10:37:47.690,0.25
2026/09/24 10:38:36.690,0.26
2026/09/24 10:38:49.690,0.25
2026/09/24 10:39:05.689,0.26
2026/09/24 10:39:17.690,0.25
2026/09/24 10:39:34.690,0.26
2026/09/24 10:39:42.690,0.25
2026/09/24 10:40:18.690,0.25
2026/09/24 10:40:35.691,0.24
2026/09/24 10:40:49.690,0.25
2026/09/24 10:41:23.690,0.26
2026/09/24 10:41:26.691,0.25
2026/09/24 10:41:57.689,0.24
2026/09/24 10:42:12.691,0.25
2026/09/24 10:42:54.689,0.24
2026/09/24 10:43:02.690,0.25
2026/09/24 10:43:23.688,0.25
2026/09/24 10:44:11.690,0.24
2026/09/24 10:44:21.689,0.24
2026/09/24 10:44:34.690,0.24
2026/09/24 10:44:44.690,0.25
2026/09/24 10:44:57.691,0.24
2026/09/24 10:45:05.690,0.25
2026/09/24 10:46:08.691,0.26
2026/09/24 10:46:19.690,0.26
2026/09/24 10:46:20.690,0.25
2026/09/24 10:46:32.691,0.24
2026/09/24 10:46:42.690,0.25
2026/09/24 10:46:54.691,0.24
2026/09/24 10:47:08.689,0.25
2026/09/24 10:47:45.691,0.24
2026/09/24 10:47:55.689,0.24
2026/09/24 10:48:03.690,0.25
2026/09/24 10:48:27.691,0.24
2026/09/24 10:48:31.691,0.25
2026/09/24 10:49:27.689,0.25
2026/09/24 10:50:29.691,0.24
2026/09/24 10:50:41.689,0.25
2026/09/24 10:51:03.690,0.25
2026/09/24 10:51:24.689,0.26
2026/09/24 10:51:25.689,0.25
2026/09/24 10:51:44.691,0.25
2026/09/24 10:52:04.689,0.26
2026/09/24 10:52:14.691,0.25
2026/09/24 10:52:26.689,0.26
2026/09/24 10:52:34.689,0.25
2026/09/24 10:53:19.691,0.24
2026/09/24 10:53:32.689,0.25
2026/09/24 10:53:43.690,0.24
2026/09/24 10:53:50.691,0.25
2026/09/24 10:54:14.689,0.26
2026/09/24 10:54:19.689,0.25
2026/09/24 10:54:32.689,0.24
2026/09/24 10:54:42.691,0.26
2026/09/24 10:54:58.690,0.25
2026/09/24 10:55:19.689,0.25
2026/09/24 10:55:55.690,0.24
2026/09/24 10:56:06.690,0.24
2026/09/24 10:56:19.690,0.24
2026/09/24 10:56:20.690,0.25
2026/09/24 10:56:37.690,0.26
2026/09/24 10:56:45.690,0.25
2026/09/24 10:57:54.691,0.24
2026/09/24 10:58:04.689,0.25
2026/09/24 10:58:33.690,0.25
2026/09/24 10:59:14.692,0.26
2026/09/24 10:59:27.689,0.25
2026/09/24 10:59:49.690,0.24
2026/09/24 10:59:56.689,0.25
2026/09/24 11:00:34.689,0.26
2026/09/24 11:00:35.689,0.25
2026/09/24 11:00:54.691,0.24
2026/09/24 11:00:57.691,0.25
2026/09/24 11:01:32.689,0.25
2026/09/24 11:02:07.689,0.24
2026/09/24 11:02:17.691,0.25
2026/09/24 11:02:43.690,0.26
2026/09/24 11:03:01.690,0.25
2026/09/24 11:03:29.689,0.26
2026/09/24 11:03:30.689,0.25
2026/09/24 11:03:43.689,0.24
2026/09/24 11:03:53.691,0.25
2026/09/24 11:04:04.691,0.26
2026/09/24 11:04:18.689,0.25
2026/09/24 11:04:36.690,0.24
2026/09/24 11:04:48.690,0.24
2026/09/24 11:04:58.691,0.25
2026/09/24 11:05:12.689,0.25
2026/09/24 11:05:22.690,0.24
2026/09/24 11:05:26.691,0.25
2026/09/24 11:05:44.691,0.26
2026/09/24 11:05:56.689,0.24
2026/09/24 11:06:02.691,0.25
2026/09/24 11:06:41.690,0.24
2026/09/24 11:06:46.691,0.25
2026/09/24 11:07:28.690,0.26
2026/09/24 11:07:33.691,0.25
2026/09/24 11:07:56.690,0.24
2026/09/24 11:08:09.691,0.25
2026/09/24 11:08:29.691,0.24
2026/09/24 11:08:30.691,0.25
2026/09/24 11:09:12.690,0.26
2026/09/24 11:09:26.689,0.24
2026/09/24 11:09:36.690,0.25
2026/09/24 11:09:47.690,0.25
2026/09/24 11:10:23.691,0.25
2026/09/24 11:10:47.690,0.26
2026/09/24 11:11:01.689,0.25
2026/09/24 11:11:32.690,0.26
2026/09/24 11:11:47.690,0.26
2026/09/24 11:11:59.692,0.26
2026/09/24 11:12:11.691,0.25
2026/09/24 11:12:31.689,0.25
2026/09/24 11:13:22.690,0.25
2026/09/24 11:13:39.689,0.24
2026/09/24 11:13:41.689,0.25
2026/09/24 11:13:53.689,0.24
2026/09/24 11:14:08.689,0.24
2026/09/24 11:14:18.691,0.24
2026/09/24 11:14:22.691,0.25
2026/09/24 11:15:02.690,0.26
2026/09/24 11:15:12.691,0.25
2026/09/24 11:15:19.690,0.25
2026/09/24 11:15:42.691,0.25
2026/09/24 11:15:54.690,0.24
2026/09/24 11:16:06.691,0.25
2026/09/24 11:16:34.690,0.25
2026/09/24 11:17:52.691,0.25
2026/09/24 11:18:18.690,0.25
2026/09/24 11:18:40.691,0.26
2026/09/24 11:18:51.690,0.26
2026/09/24 11:19:04.689,0.25
2026/09/24 11:19:41.690,0.26
2026/09/24 11:20:02.690,0.25
2026/09/24 11:20:23.691,0.24
2026/09/24 11:20:39.690,0.24
2026/09/24 11:20:40.691,0.25
2026/09/24 11:21:21.690,0.25
2026/09/24 11:21:32.689,0.26
2026/09/24 11:21:41.691,0.25
2026/09/24 11:21:55.691,0.26
2026/09/24 11:22:11.690,0.24
2026/09/24 11:22:24.690,0.25
2026/09/24 11:22:51.691,0.25
2026/09/24 11:23:33.692,0.26
2026/09/24 11:23:48.690,0.26
2026/09/24 11:23:52.690,0.25
2026/09/24 11:24:07.689,0.24
2026/09/24 11:24:21.690,0.26
2026/09/24 11:24:31.691,0.25
2026/09/24 11:24:42.689,0.26
2026/09/24 11:24:56.691,0.26
2026/09/24 11:25:12.691,0.24
2026/09/24 11:25:24.689,0.24
2026/09/24 11:25:29.691,0.25
2026/09/24 11:26:29.690,0.24
2026/09/24 11:26:33.691,0.25
2026/09/24 11:27:07.691,0.26
2026/09/24 11:27:15.690,0.25
2026/09/24 11:27:51.690,0.25
2026/09/24 11:28:28.689,0.26
2026/09/24 11:28:39.689,0.24
2026/09/24 11:28:49.690,0.25
2026/09/24 11:29:00.691,0.24
2026/09/24 11:29:08.691,0.25
2026/09/24 11:29:54.691,0.25
2026/09/24 11:30:43.689,0.24
2026/09/24 11:30:54.690,0.25
2026/09/24 11:31:15.691,0.24
2026/09/24 11:31:30.690,0.24
2026/09/24 11:31:46.690,0.26
2026/09/24 11:31:56.689,0.24
2026/09/24 11:32:12.690,0.25
2026/09/24 11:32:28.690,0.26
2026/09/24 11:32:31.690,0.25
2026/09/24 11:32:48.690,0.24
2026/09/24 11:33:02.691,0.25
2026/09/24 11:33:54.689,0.24
2026/09/24 11:33:58.690,0.25
2026/09/24 11:34:12.689,0.24
2026/09/24 11:34:16.689,0.25
2026/09/24 11:34:43.689,0.26
2026/09/24 11:34:47.690,0.25
2026/09/24 11:35:41.690,0.24
2026/09/24 11:35:46.691,0.25
2026/09/24 11:36:07.691,0.26
2026/09/24 11:36:21.689,0.25
2026/09/24 11:36:38.690,0.25
2026/09/24 11:36:58.690,0.24
2026/09/24 11:37:11.691,0.24
2026/09/24 11:37:21.689,0.25
2026/09/24 11:37:48.691,0.26
2026/09/24 11:38:02.691,0.24
2026/09/24 11:38:20.689,0.24
2026/09/24 11:38:32.691,0.25
2026/09/24 11:38:54.691,0.25
2026/09/24 11:39:26.691,0.25
2026/09/24 11:39:52.689,0.26
2026/09/24 11:40:11.689,0.25
2026/09/24 11:40:42.689,0.25
2026/09/24 11:41:13.690,0.25
2026/09/24 11:41:39.689,0.26
2026/09/24 11:41:50.689,0.26
2026/09/24 11:42:01.691,0.25
2026/09/24 11:42:41.690,0.26
2026/09/24 11:42:51.689,0.26
2026/09/24 11:43:00.691,0.25
2026/09/24 11:43:13.691,0.26
2026/09/24 11:43:29.690,0.25
2026/09/24 11:43:51.689,0.24
2026/09/24 11:44:07.689,0.26
2026/09/24 11:44:24.689,0.26
2026/09/24 11:44:28.690,0.25
2026/09/24 11:45:15.690,0.24
2026/09/24 11:45:25.692,0.25
2026/09/24 11:45:38.691,0.25
2026/09/24 11:46:06.689,0.26
2026/09/24 11:46:19.689,0.26
2026/09/24 11:46:32.690,0.25
2026/09/24 11:47:12.690,0.24
2026/09/24 11:47:25.689,0.24
2026/09/24 11:47:38.689,0.24
2026/09/24 11:47:49.689,0.25
2026/09/24 11:48:02.692,0.24
2026/09/24 11:48:17.691,0.26
2026/09/24 11:48:29.690,0.26
2026/09/24 11:48:39.689,0.26
2026/09/24 11:48:40.690,0.25
2026/09/24 11:48:59.690,0.25
2026/09/24 11:49:31.691,0.25
2026/09/24 11:49:46.691,0.25
2026/09/24 11:50:14.690,0.24
2026/09/24 11:50:24.690,0.25
2026/09/24 11:50:37.690,0.25
2026/09/24 11:51:00.689,0.24
2026/09/24 11:51:11.691,0.01
2026/09/24 11:51:25.690,0.01
2026/09/24 11:51:35.690,0
2026/09/24 11:51:54.690,0.01
2026/09/24 11:52:04.691,0.01
2026/09/24 11:52:12.691,0
2026/09/24 11:52:27.691,0.01
2026/09/24 11:52:37.690,0.01
2026/09/24 11:52:53.690,0.01
2026/09/24 11:53:08.690,-0.01
2026/09/24 11:53:18.691,0
2026/09/24 11:53:28.689,0
2026/09/24 11:53:44.690,-0.01
2026/09/24 11:53:51.690,0
2026/09/24 11:54:02.689,0.01
2026/09/24 11:54:13.688,0
2026/09/24 11:54:23.690,11.85
2026/09/24 11:54:33.691,20
2026/09/24 11:54:43.691,20.01
2026/09/24 11:54:53.689,19.99
2026/09/24 11:55:03.691,19.97
2026/09/24 11:55:13.689,20
2026/09/24 11:55:23.691,19.99
2026/09/24 11:55:33.690,20.01
2026/09/24 11:55:43.691,20.01
2026/09/24 11:55:53.690,20.01
2026/09/24 11:56:04.691,20.02
2026/09/24 11:56:14.690,20
2026/09/24 11:56:24.689,20
2026/09/24 11:56:35.691,19.99
2026/09/24 11:56:45.690,20
2026/09/24 11:56:55.691,20
2026/09/24 11:57:06.690,20.01
2026/09/24 11:57:16.689,20
2026/09/24 11:57:26.692,20.02
2026/09/24 11:57:36.691,19.99
2026/09/24 11:57:47.690,20.01
2026/09/24 11:57:57.692,20.01
2026/09/24 11:58:07.691,19.99
2026/09/24 11:58:17.691,20
2026/09/24 11:58:29.691,20.02
2026/09/24 11:58:39.690,20.01
2026/09/24 11:58:49.689,20.01
2026/09/24 11:58:59.689,20.01
2026/09/24 11:59:09.690,20.02
2026/09/24 11:59:19.691,20.01
2026/09/24 11:59:29.691,19.98
2026/09/24 11:59:39.689,19.99
2026/09/24 11:59:49.690,20.01
2026/09/24 11:59:59.691,20.01
2026/09/24 12:00:09.691,20
2026/09/24 12:00:19.689,19.95
2026/09/24 12:00:29.689,0.23
2026/09/24 12:00:46.691,0.23
2026/09/24 12:00:56.691,0.24
2026/09/24 12:01:06.691,0.24
2026/09/24 12:01:17.691,0.24
2026/09/24 12:01:28.691,0.23
2026/09/24 12:01:42.691,0.23
2026/09/24 12:01:52.690,0.24
2026/09/24 12:02:02.691,0.24
2026/09/24 12:02:12.691,0.24
2026/09/24 12:02:22.689,0.24
2026/09/24 12:02:32.689,0.24
2026/09/24 12:02:43.689,0.23
2026/09/24 12:02:54.689,0.24
2026/09/24 12:03:04.689,0.23
2026/09/24 12:03:14.689,0.23
2026/09/24 12:03:31.690,0.23
2026/09/24 12:03:42.690,0.24
2026/09/24 12:03:52.689,0.24
2026/09/24 12:04:02.689,0.23
2026/09/24 12:04:17.691,0.24
2026/09/24 12:04:27.690,0.24
2026/09/24 12:04:37.689,0.23
2026/09/24 12:04:49.690,0.23
2026/09/24 12:04:59.691,0.23
2026/09/24 12:05:10.691,0.23
2026/09/24 12:05:20.689,0.23
2026/09/24 12:05:34.689,0.23
2026/09/24 12:05:46.691,0.24
2026/09/24 12:05:56.689,0.23
2026/09/24 12:06:07.690,0.23
2026/09/24 12:06:21.689,0.24
2026/09/24 12:06:31.689,0.24
2026/09/24 12:06:41.690,0.23
2026/09/24 12:06:54.690,0.23
2026/09/24 12:07:04.692,0.23
2026/09/24 12:07:20.691,0.23
2026/09/24 12:07:32.689,0.24
2026/09/24 12:07:46.691,0.24
2026/09/24 12:07:56.690,0.24
2026/09/24 12:08:06.690,0.23
2026/09/24 12:08:16.690,0.24
2026/09/24 12:08:28.689,0.24
2026/09/24 12:08:38.690,0.24
2026/09/24 12:08:48.691,0.24
2026/09/24 12:08:58.689,0.24
2026/09/24 12:09:09.690,0.24
2026/09/24 12:09:20.689,0.23
2026/09/24 12:09:30.689,0.23
2026/09/24 12:09:42.690,0.24
2026/09/24 12:09:52.691,0.24
2026/09/24 12:10:03.691,0.24
2026/09/24 12:10:16.689,0.24
2026/09/24 12:10:28.690,0.23
2026/09/24 12:10:39.691,0.23
2026/09/24 12:10:50.690,0.24
2026/09/24 12:11:00.690,0.24
2026/09/24 12:11:12.690,0.24
2026/09/24 12:11:24.690,0.23
2026/09/24 12:11:34.689,0.23
2026/09/24 12:11:45.690,0.24
2026/09/24 12:11:55.690,0.24
2026/09/24 12:12:05.690,0.24
2026/09/24 12:12:15.690,0.24
2026/09/24 12:12:25.689,0.23
2026/09/24 12:12:35.690,0.23
2026/09/24 12:12:45.689,0.23
2026/09/24 12:12:55.691,0.23
2026/09/24 12:13:06.690,0.24
2026/09/24 12:13:16.692,0.23
2026/09/24 12:13:26.690,0.24
2026/09/24 12:13:39.690,0.24
2026/09/24 12:13:53.690,0.23
2026/09/24 12:14:05.690,0.24
2026/09/24 12:14:18.690,0.23
2026/09/24 12:14:29.689,0.23
2026/09/24 12:14:39.690,0.23
2026/09/24 12:14:49.689,0.24
2026/09/24 12:15:02.691,0.24
2026/09/24 12:15:12.690,0.23
2026/09/24 12:15:22.690,0.23
2026/09/24 12:15:32.689,0.24
2026/09/24 12:15:42.690,0.24
2026/09/24 12:15:53.691,0.23
2026/09/24 12:16:03.690,0.24
2026/09/24 12:16:13.689,0.23
2026/09/24 12:16:23.691,0.23
2026/09/24 12:16:33.690,0.24
2026/09/24 12:16:45.690,0.24
2026/09/24 12:16:56.690,0.23
2026/09/24 12:17:06.690,0.23
2026/09/24 12:17:17.691,0.23
2026/09/24 12:17:27.690,0.24
2026/09/24 12:17:37.691,0.23
2026/09/24 12:17:49.691,0.23
2026/09/24 12:18:01.690,0.24
2026/09/24 12:18:12.691,0.24
2026/09/24 12:18:23.690,0.24
2026/09/24 12:18:33.690,0.23
2026/09/24 12:18:45.690,0.23
2026/09/24 12:18:55.691,0.23
2026/09/24 12:19:06.692,0.23
2026/09/24 12:19:16.691,0.24
2026/09/24 12:19:30.690,0.24
2026/09/24 12:19:41.690,0.24
2026/09/24 12:19:51.691,0.24
2026/09/24 12:20:01.690,0.24
2026/09/24 12:20:11.691,0.24
2026/09/24 12:20:26.691,0.27
2026/09/24 12:20:35.689,0.28
2026/09/24 12:21:07.689,0.27
2026/09/24 12:21:12.689,0.28
2026/09/24 12:21:23.691,0.29
2026/09/24 12:21:37.691,0.27
2026/09/24 12:21:48.690,0.27
2026/09/24 12:22:01.688,0.27
2026/09/24 12:22:20.690,0.29
2026/09/24 12:22:32.690,0.28
2026/09/24 12:22:57.690,0.29
2026/09/24 12:23:01.690,0.28
2026/09/24 12:23:22.690,0.29
2026/09/24 12:23:32.690,0.27
2026/09/24 12:23:52.691,0.28
2026/09/24 12:24:20.691,0.27
2026/09/24 12:24:34.690,0.29
2026/09/24 12:24:35.690,0.28
2026/09/24 12:25:02.691,0.28
2026/09/24 12:25:26.691,0.29
2026/09/24 12:25:39.691,0.28
2026/09/24 12:25:53.690,0.29
2026/09/24 12:26:05.690,0.27
2026/09/24 12:26:15.689,0.29
2026/09/24 12:26:27.690,0.27
2026/09/24 12:26:41.691,0.29
2026/09/24 12:26:53.691,0.28
2026/09/24 12:27:22.689,0.27
2026/09/24 12:27:28.690,0.28
2026/09/24 12:27:44.689,0.27
2026/09/24 12:28:00.690,0.29
2026/09/24 12:28:13.690,0.27
2026/09/24 12:28:24.692,0.28
2026/09/24 12:29:13.691,0.27
2026/09/24 12:29:23.691,0.28
2026/09/24 12:29:44.690,0.29
2026/09/24 12:29:58.691,0.27
2026/09/24 12:30:08.690,0.29
2026/09/24 12:30:14.690,0.28
2026/09/24 12:30:46.690,0.29
2026/09/24 12:30:58.690,0.29
2026/09/24 12:31:08.689,0.28
2026/09/24 12:31:19.692,0.28
2026/09/24 12:31:35.690,0.29
2026/09/24 12:31:49.691,0.27
2026/09/24 12:31:59.691,0.29
2026/09/24 12:32:13.690,0.27
2026/09/24 12:32:17.691,0.28
2026/09/24 12:32:47.690,0.29
2026/09/24 12:32:58.690,0.29
2026/09/24 12:33:13.690,0.27
2026/09/24 12:33:18.690,0.28
2026/09/24 12:33:34.689,0.27
2026/09/24 12:33:47.691,0.28
2026/09/24 12:34:02.690,0.27
2026/09/24 12:34:19.690,0.29
2026/09/24 12:34:20.690,0.28
2026/09/24 12:34:37.690,0.27
2026/09/24 12:34:52.692,0.27
2026/09/24 12:35:09.689,0.29
2026/09/24 12:35:19.690,0.29
2026/09/24 12:35:29.690,0.28
2026/09/24 12:35:39.689,0.28
2026/09/24 12:35:49.689,0.29
2026/09/24 12:36:02.690,0.27
2026/09/24 12:36:10.690,0.28
2026/09/24 12:36:30.689,0.27
2026/09/24 12:36:47.690,0.27
2026/09/24 12:37:06.690,0.28
2026/09/24 12:37:27.690,0.27
2026/09/24 12:37:44.689,0.27
2026/09/24 12:37:47.691,0.28
2026/09/24 12:38:02.690,0.27
2026/09/24 12:38:11.690,0.28
2026/09/24 12:38:26.691,0.27
2026/09/24 12:38:38.691,0.29
2026/09/24 12:39:00.690,0.27
2026/09/24 12:39:10.690,0.26
2026/09/24 12:39:20.690,0.27
2026/09/24 12:39:31.689,0.27
2026/09/24 12:39:41.689,0.27
2026/09/24 12:39:54.691,0.26
2026/09/24 12:40:05.689,0.27
2026/09/24 12:40:18.690,0.27
2026/09/24 12:40:28.690,0.27
2026/09/24 12:40:38.689,0.27
2026/09/24 12:40:50.689,0.26
2026/09/24 12:41:00.690,0.26
2026/09/24 12:41:12.690,0.27
2026/09/24 12:41:23.689,0.26
2026/09/24 12:41:34.691,0.27
2026/09/24 12:41:44.691,0.27
2026/09/24 12:41:56.690,0.27
2026/09/24 12:42:06.690,0.26
2026/09/24 12:42:19.691,0.26
2026/09/24 12:42:29.689,0.27
2026/09/24 12:42:39.689,0.26
2026/09/24 12:42:50.689,0.27
2026/09/24 12:43:01.689,0.26
2026/09/24 12:43:13.691,0.27
2026/09/24 12:43:23.690,0.27
2026/09/24 12:43:35.690,0.26
2026/09/24 12:43:45.690,0.27
2026/09/24 12:43:55.691,0.27
2026/09/24 12:44:05.690,0.27
2026/09/24 12:44:15.690,0.27
2026/09/24 12:44:25.689,0.26
2026/09/24 12:44:35.690,0.27
2026/09/24 12:44:45.689,0.26
2026/09/24 12:44:55.689,0.27
2026/09/24 12:45:07.691,0.26
2026/09/24 12:45:17.690,0.27
2026/09/24 12:45:27.690,0.26
2026/09/24 12:45:40.690,0.27
2026/09/24 12:45:51.689,0.26
2026/09/24 12:46:03.689,0.27
2026/09/24 12:46:14.689,0.26
2026/09/24 12:46:24.690,0.27
2026/09/24 12:46:35.690,0.26
2026/09/24 12:46:50.690,0.26
2026/09/24 12:47:01.690,0.27
2026/09/24 12:47:11.691,0.26
2026/09/24 12:47:31.690,0.27
2026/09/24 12:47:42.691,0.26
2026/09/24 12:47:55.691,0.27
2026/09/24 12:48:05.690,0.27
2026/09/24 12:48:15.690,0.26
2026/09/24 12:48:25.689,0.27
2026/09/24 12:48:35.690,0.27
2026/09/24 12:48:47.690,0.26
2026/09/24 12:48:59.691,0.27
2026/09/24 12:49:10.689,0.27
2026/09/24 12:49:20.690,0.27
2026/09/24 12:49:30.689,0.27
2026/09/24 12:49:40.689,0.27
2026/09/24 12:49:50.690,0.26
2026/09/24 12:50:02.691,0.27
2026/09/24 12:50:12.691,0.26
2026/09/24 12:50:24.691,0.26
2026/09/24 12:50:34.690,0.27
2026/09/24 12:50:44.690,0.26
2026/09/24 12:50:55.691,0.27
2026/09/24 12:51:06.689,0.26
2026/09/24 12:51:17.691,0.26
2026/09/24 12:51:21.691,0.26
2026/09/24 12:51:33.689,0.27
2026/09/24 12:51:43.690,0.26
2026/09/24 12:51:53.690,0.26
2026/09/24 12:52:04.691,0.27
2026/09/24 12:52:18.690,0.26
2026/09/24 12:52:28.689,0.26
2026/09/24 12:52:38.690,0.27
2026/09/24 12:52:48.690,0.26
2026/09/24 12:52:58.690,0.27
2026/09/24 12:53:08.689,0.27
2026/09/24 12:53:19.690,0.27
2026/09/24 12:53:31.690,0.26
2026/09/24 12:53:41.689,0.26
2026/09/24 12:53:51.691,0.26
2026/09/24 12:54:04.691,0.26
2026/09/24 12:54:17.691,0.26
2026/09/24 12:54:27.691,0.26
2026/09/24 12:54:41.689,0.27
2026/09/24 12:54:51.691,0.27
2026/09/24 12:55:05.690,0.27
2026/09/24 12:55:15.690,0.27
2026/09/24 12:55:29.689,0.26
2026/09/24 12:55:43.690,0.27
2026/09/24 12:55:55.689,0.27
2026/09/24 12:56:06.690,0.27
2026/09/24 12:56:23.690,0.27
2026/09/24 12:56:33.690,0.26
2026/09/24 12:56:43.690,0.26
2026/09/24 12:56:53.690,0.27
2026/09/24 12:57:05.691,0.27
2026/09/24 12:57:17.690,0.27
2026/09/24 12:57:28.690,0.27
2026/09/24 12:57:40.691,0.26
2026/09/24 12:57:50.689,0.26
2026/09/24 12:58:04.690,0.27
2026/09/24 12:58:15.690,0.26
2026/09/24 12:58:26.689,0.26
2026/09/24 12:58:37.689,0.26
2026/09/24 12:58:49.689,0.26
2026/09/24 12:58:59.689,0.26
2026/09/24 12:59:13.689,0.26
2026/09/24 12:59:25.691,0.27
2026/09/24 12:59:39.690,0.27
2026/09/24 12:59:50.690,0.26
2026/09/24 13:00:01.689,0.26
2026/09/24 13:00:15.690,0.27
2026/09/24 13:00:25.691,0.26
2026/09/24 13:00:35.690,0.26
2026/09/24 13:00:46.691,0.26
2026/09/24 13:00:57.689,0.27
2026/09/24 13:01:07.689,0.27
2026/09/24 13:01:25.689,0.27
2026/09/24 13:01:35.689,0.27
2026/09/24 13:01:49.689,0.27
2026/09/24 13:02:00.690,0.27
2026/09/24 13:02:13.690,0.27
2026/09/24 13:02:29.691,0.26
2026/09/24 13:02:42.691,0.27
2026/09/24 13:02:59.691,0.27
2026/09/24 13:03:11.690,0.26
2026/09/24 13:03:21.690,0.27
2026/09/24 13:03:34.690,0.27
2026/09/24 13:03:44.691,0.26
2026/09/24 13:03:54.691,0.26
2026/09/24 13:04:04.691,0.26
2026/09/24 13:04:16.689,0.26
2026/09/24 13:04:30.691,0.27
2026/09/24 13:04:40.691,0.27
2026/09/24 13:04:51.689,0.26
2026/09/24 13:05:02.690,0.27
2026/09/24 13:05:13.691,0.26
2026/09/24 13:05:25.690,0.27
2026/09/24 13:05:36.692,0.27
2026/09/24 13:05:47.689,0.27
2026/09/24 13:05:57.690,0.26
2026/09/24 13:06:07.691,0.26
2026/09/24 13:06:17.691,0.26
2026/09/24 13:06:28.689,0.27
2026/09/24 13:06:39.690,0.26
2026/09/24 13:06:50.690,0.26
2026/09/24 13:07:01.691,0.26
2026/09/24 13:07:15.689,0.26
2026/09/24 13:07:25.691,0.27
2026/09/24 13:07:35.691,0.27
2026/09/24 13:07:46.691,0.27
2026/09/24 13:07:58.690,0.25
2026/09/24 13:08:11.691,0.26
2026/09/24 13:08:21.690,0.26
2026/09/24 13:08:32.691,0.26
2026/09/24 13:08:42.692,0.26
2026/09/24 13:08:53.690,0.26
2026/09/24 13:09:03.689,0.25
2026/09/24 13:09:16.690,0.26
2026/09/24 13:09:27.692,0.25
2026/09/24 13:09:37.689,0.26
2026/09/24 13:09:47.690,0.26
2026/09/24 13:09:58.690,0.26
2026/09/24 13:10:09.690,0.26
2026/09/24 13:10:19.691,0.26
2026/09/24 13:10:32.691,0.26
2026/09/24 13:10:42.690,0.25
2026/09/24 13:10:52.690,0.25
2026/09/24 13:11:03.689,0.25
2026/09/24 13:11:13.691,0.26
2026/09/24 13:11:24.691,0.26
2026/09/24 13:11:34.690,0.25
2026/09/24 13:11:44.690,0.26
2026/09/24 13:11:57.691,0.26
2026/09/24 13:12:07.691,0.26
2026/09/24 13:12:20.690,0.26
2026/09/24 13:12:30.691,0.25
2026/09/24 13:12:40.689,0.25
2026/09/24 13:12:50.690,0.25
2026/09/24 13:13:01.689,0.26
2026/09/24 13:13:12.690,0.25
2026/09/24 13:13:23.689,0.26
2026/09/24 13:13:33.690,0.25
2026/09/24 13:13:44.689,0.26
2026/09/24 13:13:55.691,0.25
2026/09/24 13:14:08.690,0.26
2026/09/24 13:14:18.689,0.26
2026/09/24 13:14:28.689,0.25
2026/09/24 13:14:39.690,0.25
2026/09/24 13:14:50.691,0.25
2026/09/24 13:15:03.691,0.26
2026/09/24 13:15:13.689,0.26
2026/09/24 13:15:24.691,0.25
2026/09/24 13:15:35.690,0.26
2026/09/24 13:15:46.691,0.26
2026/09/24 13:15:56.691,0.25
2026/09/24 13:16:06.689,0.25
2026/09/24 13:16:18.690,0.25
2026/09/24 13:16:28.690,0.25
2026/09/24 13:16:41.691,0.25
2026/09/24 13:16:53.690,0.26
2026/09/24 13:17:03.691,0.25
2026/09/24 13:17:14.690,0.26
2026/09/24 13:17:24.690,0.26
2026/09/24 13:17:35.691,0.25
2026/09/24 13:17:52.690,0.25
2026/09/24 13:18:03.690,0.26
2026/09/24 13:18:16.690,0.26
2026/09/24 13:18:27.690,0.25
2026/09/24 13:18:37.689,0.26
2026/09/24 13:18:49.691,0.26
2026/09/24 13:19:00.691,0.26
2026/09/24 13:19:13.690,0.26
2026/09/24 13:19:24.689,0.25
2026/09/24 13:19:34.690,0.25
2026/09/24 13:19:46.690,0.25
2026/09/24 13:19:57.690,0.26
2026/09/24 13:20:07.689,0.26
2026/09/24 13:20:17.689,0.26
2026/09/24 13:20:28.689,0.25
2026/09/24 13:20:38.689,0.26
2026/09/24 13:20:48.690,0.25
2026/09/24 13:21:02.689,0.26
2026/09/24 13:21:13.691,0.25
2026/09/24 13:21:24.690,0.26
2026/09/24 13:21:35.690,0.25
2026/09/24 13:21:46.690,0.25
2026/09/24 13:21:56.691,0.25
2026/09/24 13:22:07.689,0.25
2026/09/24 13:22:18.689,0.25
2026/09/24 13:22:29.689,0.25
2026/09/24 13:22:39.690,0.25
2026/09/24 13:22:51.690,0.26
2026/09/24 13:23:02.690,0.25
2026/09/24 13:23:12.690,0.26
2026/09/24 13:23:27.691,0.26
2026/09/24 13:23:38.688,0.26
2026/09/24 13:23:48.692,0.26
2026/09/24 13:23:58.689,0.25
2026/09/24 13:24:08.690,0.26
2026/09/24 13:24:19.691,0.25
2026/09/24 13:24:29.690,0.26
2026/09/24 13:24:42.690,0.26
2026/09/24 13:24:53.689,0.26
2026/09/24 13:25:04.690,0.26
2026/09/24 13:25:14.691,0.25
2026/09/24 13:25:26.690,0.25
2026/09/24 13:25:38.691,0.25
2026/09/24 13:25:49.691,0.26
2026/09/24 13:25:59.691,0.25
2026/09/24 13:26:09.689,0.25
2026/09/24 13:26:19.689,0.25
2026/09/24 13:26:29.690,0.26
2026/09/24 13:26:40.689,0.26
2026/09/24 13:26:50.692,0.26
2026/09/24 13:27:05.690,0.25
2026/09/24 13:27:18.690,0.26
2026/09/24 13:27:28.689,0.25
2026/09/24 13:27:39.691,0.26
2026/09/24 13:27:49.690,0.25
2026/09/24 13:28:07.690,0.26
2026/09/24 13:28:17.690,0.26
2026/09/24 13:28:29.690,0.26
2026/09/24 13:28:39.691,0.25
2026/09/24 13:28:49.691,0.26
2026/09/24 13:28:59.689,0.25
2026/09/24 13:29:10.691,0.25
2026/09/24 13:29:20.690,0.26
2026/09/24 13:29:30.689,0.25
2026/09/24 13:29:40.691,0.25
2026/09/24 13:29:50.690,0.25
2026/09/24 13:30:00.689,0.26
2026/09/24 13:30:11.691,0.26
2026/09/24 13:30:21.691,0.25
2026/09/24 13:30:31.691,0.25
2026/09/24 13:30:45.690,0.26
2026/09/24 13:30:56.690,0.26
2026/09/24 13:31:10.689,0.26
2026/09/24 13:31:20.689,0.25
2026/09/24 13:31:30.689,0.26
2026/09/24 13:31:40.691,0.26
2026/09/24 13:31:50.690,0.26
2026/09/24 13:32:01.690,0.26
2026/09/24 13:32:11.690,0.25
2026/09/24 13:32:21.690,0.25
2026/09/24 13:32:31.690,0.25
2026/09/24 13:32:42.690,0.26
2026/09/24 13:32:55.689,0.26
2026/09/24 13:33:05.691,0.25
2026/09/24 13:33:15.690,0.26
2026/09/24 13:33:25.690,0.25
2026/09/24 13:33:37.690,0.25
2026/09/24 13:33:48.691,0.26
2026/09/24 13:34:01.690,0.26
2026/09/24 13:34:11.689,0.26
2026/09/24 13:34:21.689,0.26
2026/09/24 13:34:31.690,0.25
2026/09/24 13:34:42.690,0.26
2026/09/24 13:34:55.690,0.26
2026/09/24 13:35:05.690,0.25
2026/09/24 13:35:15.691,0.25
2026/09/24 13:35:26.690,0.26
2026/09/24 13:35:36.689,0.25
2026/09/24 13:35:47.689,0.25
2026/09/24 13:35:57.690,0.25
2026/09/24 13:36:07.691,0.26
2026/09/24 13:36:22.692,0.26
2026/09/24 13:36:32.690,0.25
2026/09/24 13:36:42.689,0.25
2026/09/24 13:36:52.692,0.26
2026/09/24 13:37:04.691,0.25
2026/09/24 13:37:15.690,0.26
2026/09/24 13:37:25.691,0.25
2026/09/24 13:37:38.691,0.26
2026/09/24 13:37:48.691,0.26
2026/09/24 13:37:59.691,0.25
2026/09/24 13:38:09.690,0.26
2026/09/24 13:38:19.689,0.25
2026/09/24 13:38:32.689,0.26
2026/09/24 13:38:42.691,0.25
2026/09/24 13:38:52.690,0.26
2026/09/24 13:39:02.691,0.25
2026/09/24 13:39:15.692,0.26
2026/09/24 13:39:25.690,0.25
2026/09/24 13:39:35.691,0.25
2026/09/24 13:39:45.689,0.25
2026/09/24 13:39:56.691,0.25
2026/09/24 13:40:06.691,0.25
2026/09/24 13:40:25.690,0.26
2026/09/24 13:40:36.691,0.26
2026/09/24 13:40:46.689,0.25
2026/09/24 13:40:56.691,0.25
2026/09/24 13:41:06.691,0.25
2026/09/24 13:41:21.689,0.26
2026/09/24 13:41:33.689,0.25
2026/09/24 13:41:43.689,0.26
2026/09/24 13:41:53.689,0.25
2026/09/24 13:42:03.689,0.25
2026/09/24 13:42:13.691,0.26
2026/09/24 13:42:24.692,0.25
2026/09/24 13:42:37.691,0.26
2026/09/24 13:42:47.690,0.25
2026/09/24 13:42:57.690,0.26
2026/09/24 13:43:07.690,0.25
2026/09/24 13:43:17.689,0.26
2026/09/24 13:43:34.689,0.26
2026/09/24 13:43:44.690,0.25
2026/09/24 13:43:56.691,0.26
2026/09/24 13:44:06.691,0.26
2026/09/24 13:44:17.691,0.25
2026/09/24 13:44:28.691,0.25
2026/09/24 13:44:40.691,0.25
2026/09/24 13:44:50.689,0.26
2026/09/24 13:45:01.690,0.26
2026/09/24 13:45:11.689,0.25
2026/09/24 13:45:21.689,0.26
2026/09/24 13:45:31.690,0.25
2026/09/24 13:45:42.689,0.25
2026/09/24 13:45:56.690,0.26
2026/09/24 13:46:09.691,0.26
2026/09/24 13:46:23.691,0.26
2026/09/24 13:46:35.689,0.26
2026/09/24 13:46:45.691,0.26
2026/09/24 13:46:56.690,0.26
2026/09/24 13:47:06.689,0.25
2026/09/24 13:47:17.689,0.26
2026/09/24 13:47:28.689,0.26
2026/09/24 13:47:38.690,0.26
2026/09/24 13:47:49.690,0.26
2026/09/24 13:48:06.690,0.26
2026/09/24 13:48:16.689,0.25
2026/09/24 13:48:26.691,0.25
2026/09/24 13:48:35.050,0.25
