Timestamp,15IDC:Alicat1:Setpoint_RBV
2026/09/17 12:36:32.691,0.82
2026/09/17 12:52:16.711,0.81
2026/09/17 14:25:57.689,0.78
2026/09/17 14:50:32.690,0
2026/09/17 15:48:10.691,0.8
2026/09/17 16:56:15.690,0.81
2026/09/17 17:22:53.689,0.7
2026/09/17 20:49:58.691,0
2026/09/17 21:57:15.690,20
2026/09/17 22:03:15.691,0.25
2026/09/18 01:11:04.689,0
2026/09/18 02:16:56.690,20
2026/09/18 02:22:56.690,0.8
2026/09/18 03:16:20.692,0.7
2026/09/18 03:29:23.690,0.25
2026/09/18 04:46:50.691,0.7
2026/09/18 04:59:32.691,0.7
2026/09/18 05:05:16.690,0.25
2026/09/18 06:35:32.690,0
2026/09/18 07:12:16.690,5.2
2026/09/18 08:11:38.690,0.25
2026/09/18 10:09:12.691,0
2026/09/18 11:19:36.690,0.8
2026/09/18 11:29:33.691,0.23
2026/09/18 16:01:43.690,0
2026/09/18 16:51:34.691,5.2
2026/09/18 17:04:29.691,0.7
2026/09/18 17:23:38.690,0.8
2026/09/18 17:32:45.689,0.9
2026/09/18 20:02:33.690,0
2026/09/18 20:36:40.691,20
2026/09/18 20:42:40.691,0.8
2026/09/18 21:29:03.690,0.9
2026/09/18 21:58:34.690,0.8
2026/09/18 23:40:17.690,0
2026/09/19 00:37:23.690,0.8
2026/09/19 00:54:37.690,20
2026/09/19 01:00:37.691,0.25
2026/09/19 01:15:51.690,0.9
2026/09/19 05:15:24.691,0
2026/09/19 05:49:03.690,0.8
2026/09/19 06:00:18.689,0
2026/09/19 06:19:43.690,0.25
2026/09/19 07:24:13.692,20
2026/09/19 07:30:13.690,0.25
2026/09/19 08:38:53.691,0.8
2026/09/19 09:35:11.689,0
2026/09/19 10:04:34.690,20
2026/09/19 10:10:34.690,0.25
2026/09/19 11:16:46.691,20
2026/09/19 11:23:37.691,0.9
2026/09/19 12:18:43.689,1.9
2026/09/19 12:22:15.690,0
2026/09/19 12:54:52.690,20
2026/09/19 13:00:52.691,0.8
2026/09/19 13:37:48.690,0.8
2026/09/19 13:46:07.691,1.8
2026/09/19 15:50:16.690,0
2026/09/19 19:18:54.690,0.25
2026/09/19 20:23:16.691,0
2026/09/19 20:54:49.691,3
2026/09/19 21:17:43.689,5
2026/09/19 21:32:14.691,3
2026/09/20 00:25:22.690,1
2026/09/20 01:16:20.690,0.3
2026/09/20 02:00:33.690,0
2026/09/20 02:19:56.690,0.25
2026/09/20 03:17:30.689,0.5
2026/09/20 05:17:55.690,1
2026/09/20 06:05:08.689,0
2026/09/20 06:14:16.692,20
2026/09/20 06:21:13.690,0.5
2026/09/20 08:39:21.689,0
2026/09/20 12:56:19.691,0.24
2026/09/20 13:35:52.690,0
2026/09/20 14:48:15.691,20
2026/09/20 14:54:15.691,0.24
2026/09/20 15:13:10.690,0.25
2026/09/20 15:24:38.691,0
2026/09/20 16:05:45.691,20
2026/09/20 16:11:45.690,0.25
2026/09/20 16:35:16.689,0.26
2026/09/20 16:46:18.691,0
2026/09/20 17:46:50.690,0.25
2026/09/20 18:28:37.689,0.27
2026/09/20 18:33:48.690,0.3
2026/09/20 18:45:59.690,0.31
2026/09/20 19:16:35.691,0
2026/09/20 20:25:58.690,20
2026/09/20 20:31:58.691,0.25
2026/09/20 21:06:36.691,0.3
2026/09/20 21:44:19.691,0.35
2026/09/20 22:00:02.691,0
2026/09/20 22:18:25.691,0.25
2026/09/20 23:18:14.691,0.25
2026/09/20 23:52:55.689,0
2026/09/21 00:09:30.691,0.25
2026/09/21 00:50:04.691,0.35
2026/09/21 01:29:37.690,0
2026/09/22 07:17:45.689,20
2026/09/22 07:23:45.689,0.24
2026/09/22 09:44:16.690,0
2026/09/22 10:19:20.690,0.25
2026/09/22 15:25:01.691,20
2026/09/22 15:31:01.690,0.24
2026/09/22 18:19:02.690,0.3
2026/09/22 18:20:07.690,0.5
2026/09/22 19:13:13.691,0
2026/09/22 19:37:14.691,0.24
2026/09/22 22:01:24.691,0
2026/09/22 22:57:46.691,0.25
2026/09/22 23:14:58.690,0.27
2026/09/23 00:40:32.691,0
2026/09/23 01:09:33.689,0.24
2026/09/23 02:27:22.689,0.26
2026/09/23 03:15:48.691,0
2026/09/23 08:27:06.691,0.24
2026/09/23 11:27:35.690,0
2026/09/23 12:36:27.690,20
2026/09/23 12:42:27.689,0.25
2026/09/23 15:51:07.689,0
2026/09/23 16:09:15.691,0.24
2026/09/23 19:22:46.691,0
2026/09/23 21:18:48.691,0.24
2026/09/23 21:43:54.690,0.25
2026/09/23 23:01:42.692,0
2026/09/24 00:46:29.689,0.24
2026/09/24 01:00:26.690,0.25
2026/09/24 02:55:42.691,0
2026/09/24 04:49:15.691,0.25
2026/09/24 08:47:35.689,0
2026/09/24 09:09:43.690,0.25
2026/09/24 11:54:26.691,20
2026/09/24 12:00:26.690,0.24
2026/09/24 12:20:12.689,0.28
2026/09/24 12:39:00.690,0.26
2026/09/24 12:49:05.303,0.26
