Timestamp,15IDC:D1Dmm_calc.VAL
2026/09/24 00:58:59.724,0.9705894780316345
2026/09/24 00:59:09.724,0.9700106221441125
2026/09/24 00:59:19.724,0.97138890685413
2026/09/24 00:59:29.724,0.9724022231985942
2026/09/24 00:59:39.741,0.9718469841827768
2026/09/24 00:59:49.724,0.9730496256590511
2026/09/24 00:59:59.724,0.9722264499121266
2026/09/24 01:00:09.724,0.9732968383128295
2026/09/24 01:00:19.724,0.972485927943761
2026/09/24 01:00:29.724,0.9736644323374342
2026/09/24 01:00:39.724,0.9741696309314588
2026/09/24 01:00:49.724,0.9735710175746926
2026/09/24 01:00:59.724,0.9726757293497363
2026/09/24 01:01:09.724,0.9762757135325132
2026/09/24 01:01:19.724,0.9744507135325133
2026/09/24 01:01:29.724,0.9753936063268893
2026/09/24 01:01:39.724,0.9755219525483305
2026/09/24 01:01:49.724,0.9758986713532515
2026/09/24 01:01:59.724,0.9737326010544816
2026/09/24 01:02:09.724,0.9760527486818982
2026/09/24 01:02:19.741,0.9756413057996487
2026/09/24 01:02:29.724,0.9758525694200353
2026/09/24 01:02:39.741,0.9763468277680142
2026/09/24 01:02:49.724,0.9749808453427067
2026/09/24 01:02:59.724,0.9752643374340951
2026/09/24 01:03:09.724,0.9773727451669597
2026/09/24 01:03:19.724,0.9763358101933217
2026/09/24 01:03:29.724,0.9766305061511426
2026/09/24 01:03:39.724,0.9766653760984184
2026/09/24 01:03:49.741,0.9762037240773288
2026/09/24 01:03:59.724,0.9772525202108963
2026/09/24 01:04:09.741,0.9767263339191565
2026/09/24 01:04:19.724,0.9757340404217927
2026/09/24 01:04:29.724,0.9778783409490335
2026/09/24 01:04:39.724,0.9772665377855888
2026/09/24 01:04:49.724,0.9779469507908612
2026/09/24 01:04:59.724,0.9772184059753956
2026/09/24 01:05:09.724,0.9768528242530757
2026/09/24 01:05:19.724,0.978914560632689
2026/09/24 01:05:29.724,0.9777242284710018
2026/09/24 01:05:39.724,0.977735942003515
2026/09/24 01:05:49.741,0.9800195588752197
2026/09/24 01:05:59.724,0.9794095289982426
2026/09/24 01:06:09.724,0.979020128295255
2026/09/24 01:06:19.724,0.979197891036907
2026/09/24 01:06:29.724,0.9785373110720563
2026/09/24 01:06:39.724,0.9783607381370827
2026/09/24 01:06:49.724,0.9787377873462215
2026/09/24 01:06:59.724,0.9802803409490335
2026/09/24 01:07:09.724,0.9787257381370826
2026/09/24 01:07:19.724,0.9801026660808436
2026/09/24 01:07:29.724,0.9786566766256591
2026/09/24 01:07:39.724,0.9815149560632689
2026/09/24 01:07:49.724,0.981890739894552
2026/09/24 01:07:59.724,0.9795960632688928
2026/09/24 01:08:09.724,0.9800928927943762
2026/09/24 01:08:19.724,0.9806446502636206
2026/09/24 01:08:29.741,0.9798804586994728
2026/09/24 01:08:39.745,0.9805033725834799
2026/09/24 01:08:49.745,0.9792775975395431
2026/09/24 01:08:59.745,0.9818102091388402
2026/09/24 01:09:09.762,0.9803020228471003
2026/09/24 01:09:19.745,0.9801407065026363
2026/09/24 01:09:29.745,0.9817282987697716
2026/09/24 01:09:39.745,0.9821509525483304
2026/09/24 01:09:49.762,0.9805156239015819
2026/09/24 01:09:59.745,0.981998330404218
2026/09/24 01:10:09.745,0.9802204762741654
2026/09/24 01:10:19.745,0.9809266133567665
2026/09/24 01:10:29.762,0.983360869947276
2026/09/24 01:10:39.745,0.9822703268892796
2026/09/24 01:10:49.745,0.9825868717047453
2026/09/24 01:10:59.745,0.9822589121265378
2026/09/24 01:11:09.745,0.9835643462214413
2026/09/24 01:11:19.745,0.9824348224956063
2026/09/24 01:11:29.745,0.9831979947275923
2026/09/24 01:11:39.745,0.9814347240773288
2026/09/24 01:11:49.745,0.9829038664323375
2026/09/24 01:11:59.745,0.9828339507908612
2026/09/24 01:12:09.745,0.983789690685413
2026/09/24 01:12:19.745,0.9831523005272409
2026/09/24 01:12:29.745,0.9842363936731109
2026/09/24 01:12:39.762,0.983928135325132
2026/09/24 01:12:49.745,0.9864855237258349
2026/09/24 01:12:59.745,0.9840116572934975
2026/09/24 01:13:09.745,0.9846482056239018
2026/09/24 01:13:19.745,0.9821761405975397
2026/09/24 01:13:29.745,0.9837072688927945
2026/09/24 01:13:39.745,0.9837655166959578
2026/09/24 01:13:49.745,0.9838351019332163
2026/09/24 01:13:59.728,0.9861561019332162
2026/09/24 01:14:09.728,0.9854740000000001
2026/09/24 01:14:19.728,0.9851197943760985
2026/09/24 01:14:29.728,0.9854838629173991
2026/09/24 01:14:39.728,0.9852024393673111
2026/09/24 01:14:49.745,0.9835313216168717
2026/09/24 01:14:59.728,0.986708288224956
2026/09/24 01:15:09.728,0.9850727082601056
2026/09/24 01:15:19.728,0.9856251546572936
2026/09/24 01:15:29.728,0.9865790210896311
2026/09/24 01:15:39.728,0.984776841827768
2026/09/24 01:15:49.745,0.9852739683655537
2026/09/24 01:15:59.728,0.9858862724077329
2026/09/24 01:16:09.728,0.9874737029876978
2026/09/24 01:16:19.728,0.985872595782074
2026/09/24 01:16:29.728,0.9853063391915642
2026/09/24 01:16:39.728,0.9852357662565906
2026/09/24 01:16:49.728,0.9875335782073814
2026/09/24 01:16:59.728,0.9864978892794376
2026/09/24 01:17:09.728,0.9865805079086117
2026/09/24 01:17:19.728,0.9860954903339193
2026/09/24 01:17:29.745,0.9858726080843586
2026/09/24 01:17:39.728,0.9872017662565906
2026/09/24 01:17:49.728,0.9878155307557119
2026/09/24 01:17:59.728,0.988569365553603
2026/09/24 01:18:09.728,0.9881321652021091
2026/09/24 01:18:19.728,0.9874974868189808
2026/09/24 01:18:29.728,0.9870143128295256
2026/09/24 01:18:39.728,0.9876512337434096
2026/09/24 01:18:49.728,0.9878034938488577
2026/09/24 01:18:59.728,0.9882968804920915
2026/09/24 01:19:09.728,0.9875563462214412
2026/09/24 01:19:19.728,0.9887364200351495
2026/09/24 01:19:29.728,0.9863544200351495
2026/09/24 01:19:39.728,0.9886523725834799
2026/09/24 01:19:49.728,0.9883800509666082
2026/09/24 01:19:59.745,0.9895107205623902
2026/09/24 01:20:09.728,0.9890988471001758
2026/09/24 01:20:19.728,0.9893699103690687
2026/09/24 01:20:29.728,0.9909938857644992
2026/09/24 01:20:39.728,0.9887454059753954
2026/09/24 01:20:49.728,0.9880258347978912
2026/09/24 01:20:59.728,0.9889956326889281
2026/09/24 01:21:09.728,0.99029939543058
2026/09/24 01:21:19.728,0.9895218804920914
2026/09/24 01:21:29.728,0.9885921898066784
2026/09/24 01:21:39.728,0.9886637311072057
2026/09/24 01:21:49.728,0.9909461054481548
2026/09/24 01:21:59.728,0.9898064253075571
2026/09/24 01:22:09.728,0.9891918523725837
2026/09/24 01:22:19.728,0.9884402934973638
2026/09/24 01:22:29.728,0.9910892952548331
2026/09/24 01:22:39.728,0.9907004745166961
2026/09/24 01:22:49.728,0.9897109648506153
2026/09/24 01:22:59.728,0.9898403708260106
2026/09/24 01:23:09.728,0.9907946221441125
2026/09/24 01:23:19.728,0.9910518945518454
2026/09/24 01:23:29.728,0.9914548084358525
2026/09/24 01:23:39.728,0.9897116678383129
2026/09/24 01:23:49.728,0.9891833936731108
2026/09/24 01:23:59.728,0.9890150790861162
2026/09/24 01:24:09.728,0.9906755272407735
2026/09/24 01:24:19.728,0.9908898875219685
2026/09/24 01:24:29.728,0.9906188664323375
2026/09/24 01:24:39.728,0.991019223198594
2026/09/24 01:24:49.728,0.9912540123022848
2026/09/24 01:24:59.728,0.9913829613356767
2026/09/24 01:25:09.728,0.9909704358523727
2026/09/24 01:25:19.728,0.9906914657293499
2026/09/24 01:25:29.728,0.991005776801406
2026/09/24 01:25:39.728,0.9910885852372585
2026/09/24 01:25:49.748,0.9911344727592268
2026/09/24 01:25:59.748,0.993066956063269
2026/09/24 01:26:09.748,0.9920531054481547
2026/09/24 01:26:19.748,0.9919131915641477
2026/09/24 01:26:29.748,0.9918880158172233
2026/09/24 01:26:39.748,0.9910768506151144
2026/09/24 01:26:49.748,0.9929273427065026
2026/09/24 01:26:59.748,0.9911234499121266
2026/09/24 01:27:09.748,0.9913354358523726
2026/09/24 01:27:19.748,0.9908549648506153
2026/09/24 01:27:29.748,0.9932888014059754
2026/09/24 01:27:39.748,0.9921842794376099
2026/09/24 01:27:49.748,0.9926206414762744
2026/09/24 01:27:59.748,0.9926066643233743
2026/09/24 01:28:09.765,0.9910785957820738
2026/09/24 01:28:19.748,0.9920312706502636
2026/09/24 01:28:29.748,0.9934677205623902
2026/09/24 01:28:39.748,0.9930084762741653
2026/09/24 01:28:49.765,0.9929264885764499
2026/09/24 01:28:59.748,0.9913008101933216
2026/09/24 01:29:09.748,0.9923839595782075
2026/09/24 01:29:19.748,0.9937505975395431
2026/09/24 01:29:29.748,0.9950330527240775
2026/09/24 01:29:39.748,0.9935508242530757
2026/09/24 01:29:49.765,0.9924086994727593
2026/09/24 01:29:59.748,0.9933495342706504
2026/09/24 01:30:09.748,0.9920658330404218
2026/09/24 01:30:19.748,0.9933273743409491
2026/09/24 01:30:29.748,0.9943036309314587
2026/09/24 01:30:39.748,0.9921362214411248
2026/09/24 01:30:49.748,0.9927981177504394
2026/09/24 01:30:59.748,0.9930696256590511
2026/09/24 01:31:09.748,0.9926551722319861
2026/09/24 01:31:19.748,0.9940806959578208
2026/09/24 01:31:29.748,0.9944319332161687
2026/09/24 01:31:39.765,0.9949383708260106
2026/09/24 01:31:49.748,0.9940103620386644
2026/09/24 01:31:59.748,0.9944675746924428
2026/09/24 01:32:09.748,0.9944333936731109
2026/09/24 01:32:19.765,0.9947033585237259
2026/09/24 01:32:29.765,0.9929138822495607
2026/09/24 01:32:39.748,0.9949978945518453
2026/09/24 01:32:49.748,0.9920673620386644
2026/09/24 01:32:59.748,0.9940686449912128
2026/09/24 01:33:09.748,0.9947722636203867
2026/09/24 01:33:19.748,0.9943392934973638
2026/09/24 01:33:29.748,0.9956682267135327
2026/09/24 01:33:39.748,0.9941046906854132
2026/09/24 01:33:49.765,0.9955869876977154
2026/09/24 01:33:59.748,0.9960105729349737
2026/09/24 01:34:09.748,0.9940562478031636
2026/09/24 01:34:19.748,0.9940770808435854
2026/09/24 01:34:28.748,0.9949148945518455
2026/09/24 01:34:39.748,0.994692711775044
2026/09/24 01:34:49.748,0.9948206924428823
2026/09/24 01:34:59.748,0.9952458101933216
2026/09/24 01:35:09.748,0.9966678031634447
2026/09/24 01:35:19.748,0.9954799455184534
2026/09/24 01:35:29.748,0.9951397539543059
2026/09/24 01:35:39.748,0.9949538664323375
2026/09/24 01:35:49.748,0.9944696485061513
2026/09/24 01:35:59.748,0.9953525289982426
2026/09/24 01:36:09.748,0.9947508541300528
2026/09/24 01:36:19.765,0.9950089244288226
2026/09/24 01:36:29.748,0.9951844007029879
2026/09/24 01:36:39.748,0.9947153462214412
2026/09/24 01:36:49.748,0.9959513391915643
2026/09/24 01:36:59.765,0.9952796713532513
2026/09/24 01:37:09.748,0.995385848857645
2026/09/24 01:37:19.748,0.9953146432337435
2026/09/24 01:37:29.748,0.9959618295254835
2026/09/24 01:37:39.748,0.9945615711775045
2026/09/24 01:37:49.748,0.9952579947275924
2026/09/24 01:37:59.748,0.9951758734622146
2026/09/24 01:38:09.748,0.99648069771529
2026/09/24 01:38:19.748,0.9966709982425308
2026/09/24 01:38:29.748,0.9952802038664325
2026/09/24 01:38:39.748,0.9978008787346222
2026/09/24 01:38:49.748,0.9962000123022847
2026/09/24 01:38:59.765,0.9962229543057997
2026/09/24 01:39:09.748,0.9954914903339191
2026/09/24 01:39:19.748,0.9977421423550088
2026/09/24 01:39:29.748,0.9967867732864676
2026/09/24 01:39:39.748,0.9965647152899825
2026/09/24 01:39:49.748,0.9953860720562392
2026/09/24 01:39:59.748,0.9956925184534271
2026/09/24 01:40:09.748,0.9961071177504394
2026/09/24 01:40:19.748,0.9978840826010545
2026/09/24 01:40:29.748,0.997129107205624
2026/09/24 01:40:39.765,0.9960003181019333
2026/09/24 01:40:49.748,0.99677530228471
2026/09/24 01:40:59.748,0.9977664200351494
2026/09/24 01:41:09.748,0.9969427029876978
2026/09/24 01:41:19.748,0.9966710158172232
2026/09/24 01:41:29.748,0.9976246889279438
2026/09/24 01:41:39.765,0.9972473532513181
2026/09/24 01:41:49.748,0.9970344639718806
2026/09/24 01:41:59.748,0.9983304288224957
2026/09/24 01:42:09.765,0.997070193321617
2026/09/24 01:42:19.748,0.9952817891036908
2026/09/24 01:42:29.765,0.9979769103690688
2026/09/24 01:42:39.748,0.9976828137082602
2026/09/24 01:42:49.748,0.9963844217926187
2026/09/24 01:42:59.748,0.9987670808435853
2026/09/24 01:43:09.768,0.9986851265377856
2026/09/24 01:43:19.768,0.9983657451669598
2026/09/24 01:43:29.768,0.9972930246045695
2026/09/24 01:43:39.768,0.9970113848857646
2026/09/24 01:43:49.768,0.9979534833040422
2026/09/24 01:43:59.768,0.9978001599297013
2026/09/24 01:44:09.785,0.9965398084358524
2026/09/24 01:44:19.768,0.9983180667838314
2026/09/24 01:44:29.768,0.9977870579964851
2026/09/24 01:44:39.768,0.9984958101933217
2026/09/24 01:44:49.768,0.9983902495606327
2026/09/24 01:44:59.768,0.9983666045694202
2026/09/24 01:45:09.768,0.9987425799648507
2026/09/24 01:45:19.785,0.9976143286467487
2026/09/24 01:45:29.768,0.9976360404217927
2026/09/24 01:45:39.785,0.9981767732864676
2026/09/24 01:45:49.768,0.9986372021089631
2026/09/24 01:45:59.768,0.9980361511423551
2026/09/24 01:46:09.768,0.9987187117750439
2026/09/24 01:46:19.768,0.9984827926186293
2026/09/24 01:46:29.768,0.9980236625659052
2026/09/24 01:46:39.768,0.998496690685413
2026/09/24 01:46:49.768,0.9972358541300528
2026/09/24 01:46:59.785,0.998141337434095
2026/09/24 01:47:09.768,0.996669876977153
2026/09/24 01:47:19.768,0.9982616168717049
2026/09/24 01:47:29.768,0.9986855360281197
2026/09/24 01:47:39.768,0.9974580456942005
2026/09/24 01:47:49.768,0.9983785518453427
2026/09/24 01:47:59.768,0.9997436467486821
2026/09/24 01:48:09.768,0.9993916098418278
2026/09/24 01:48:19.768,0.9988016256590511
2026/09/24 01:48:29.768,0.9975657627416522
2026/09/24 01:48:39.785,0.9995190298769772
2026/09/24 01:48:49.768,0.998647523725835
2026/09/24 01:48:59.768,0.9991204991212654
2026/09/24 01:49:09.768,0.9988470896309315
2026/09/24 01:49:19.785,0.9984011985940247
2026/09/24 01:49:29.785,0.9997321950790861
2026/09/24 01:49:39.785,0.9977296924428822
2026/09/24 01:49:49.768,0.9970239068541302
2026/09/24 01:49:59.768,0.99853127943761
2026/09/24 01:50:09.785,0.9987528822495607
2026/09/24 01:50:19.768,1.0000963620386645
2026/09/24 01:50:29.768,1.000085035149385
2026/09/24 01:50:39.768,0.998706667838313
2026/09/24 01:50:49.785,0.9988122284710017
2026/09/24 01:50:59.768,0.9998842073813708
2026/09/24 01:51:09.785,0.9993909947275923
2026/09/24 01:51:19.785,1.0006592899824254
2026/09/24 01:51:29.768,0.9994489121265379
2026/09/24 01:51:39.768,0.9990221652021091
2026/09/24 01:51:49.785,0.9997557451669596
2026/09/24 01:51:59.768,0.9977179332161689
2026/09/24 01:52:09.768,1.0001327275922673
2026/09/24 01:52:19.785,0.9987093040421793
2026/09/24 01:52:29.785,0.9981195852372583
2026/09/24 01:52:39.785,0.9976714780316345
2026/09/24 01:52:49.768,0.9974719138840072
2026/09/24 01:52:59.768,0.9987771195079087
2026/09/24 01:53:09.768,0.99930858172232
2026/09/24 01:53:19.785,1.0000826520210897
2026/09/24 01:53:29.785,0.9992703936731108
2026/09/24 01:53:39.768,0.9990130316344464
2026/09/24 01:53:49.768,0.9991445817223199
2026/09/24 01:53:59.768,0.9984943497363796
2026/09/24 01:54:09.768,0.9990151810193322
2026/09/24 01:54:19.785,0.9984234130052725
2026/09/24 01:54:29.785,1.0003683796133567
2026/09/24 01:54:39.768,0.9998156713532514
2026/09/24 01:54:49.768,0.9990258435852374
2026/09/24 01:54:59.768,1.001403516695958
2026/09/24 01:55:09.785,0.9992140527240775
2026/09/24 01:55:19.768,0.9995652337434096
2026/09/24 01:55:29.768,0.9990960228471003
2026/09/24 01:55:39.768,1.0000029718804921
2026/09/24 01:55:49.785,0.9996842407732865
2026/09/24 01:55:59.768,1.0014630017574693
2026/09/24 01:56:09.768,0.9987654077328648
2026/09/24 01:56:19.768,1.0010502618629176
2026/09/24 01:56:29.768,1.0011108471001757
2026/09/24 01:56:39.768,0.9997559121265379
2026/09/24 01:56:49.768,1.0009910105448154
2026/09/24 01:56:59.785,0.9988252847100176
2026/09/24 01:57:09.768,1.0005675254833042
2026/09/24 01:57:19.768,0.9981656660808437
2026/09/24 01:57:29.768,0.9994955448154659
2026/09/24 01:57:39.785,0.9982718804920915
2026/09/24 01:57:49.768,1.000471869947276
2026/09/24 01:57:59.768,1.0030164991212656
2026/09/24 01:58:09.768,0.9987535430579966
2026/09/24 01:58:19.768,0.9982927100175748
2026/09/24 01:58:29.768,0.9990248119507908
2026/09/24 01:58:39.768,0.9985898084358524
2026/09/24 01:58:49.768,1.0005671528998243
2026/09/24 01:58:59.768,1.000085316344464
2026/09/24 01:59:09.768,0.9996250386643234
2026/09/24 01:59:19.785,1.0000751546572935
2026/09/24 01:59:29.768,1.0004755729349737
2026/09/24 01:59:39.768,0.9995788365553603
2026/09/24 01:59:49.768,1.001579079086116
2026/09/24 01:59:59.768,1.0009539613356766
2026/09/24 02:00:09.768,0.9997679859402461
2026/09/24 02:00:19.789,1.0009797170474517
2026/09/24 02:00:29.789,0.9993678857644992
2026/09/24 02:00:39.789,0.9999539876977155
2026/09/24 02:00:49.789,1.0002254077328647
2026/09/24 02:00:59.789,0.9992248927943762
2026/09/24 02:01:09.789,1.0015682355008788
2026/09/24 02:01:19.789,1.0013327873462214
2026/09/24 02:01:29.789,1.0012272917398946
2026/09/24 02:01:39.789,1.0003328207381372
2026/09/24 02:01:49.806,1.0011685219683657
2026/09/24 02:01:59.789,0.9981547574692443
2026/09/24 02:02:09.789,1.0009573040421793
2026/09/24 02:02:19.789,1.000168393673111
2026/09/24 02:02:29.789,0.9999803110720564
2026/09/24 02:02:39.789,0.9992827065026364
2026/09/24 02:02:49.789,0.9998738506151144
2026/09/24 02:02:59.789,1.0005098101933216
2026/09/24 02:03:09.806,0.9996621054481548
2026/09/24 02:03:19.789,1.0007671107205625
2026/09/24 02:03:29.789,1.0013573409490335
2026/09/24 02:03:39.789,1.001489381370826
2026/09/24 02:03:49.789,1.001286862917399
2026/09/24 02:03:59.789,0.9998717838312831
2026/09/24 02:04:09.789,1.0005204094903342
2026/09/24 02:04:19.806,0.9996944042179263
2026/09/24 02:04:29.789,1.000262179261863
2026/09/24 02:04:39.789,1.0005566643233745
2026/09/24 02:04:49.789,1.0001194745166961
2026/09/24 02:04:59.789,0.9996028875219685
2026/09/24 02:05:09.789,1.0022878295254833
2026/09/24 02:05:19.789,1.0001440826010546
2026/09/24 02:05:29.789,1.0010408945518454
2026/09/24 02:05:39.806,1.001379646748682
2026/09/24 02:05:49.789,0.9995423268892796
2026/09/24 02:05:59.789,0.9993313673110722
2026/09/24 02:06:09.789,1.00021390685413
2026/09/24 02:06:19.789,0.9988936449912128
2026/09/24 02:06:29.789,0.9993314586994728
2026/09/24 02:06:39.789,1.0004646731107207
2026/09/24 02:06:49.789,0.9993666344463974
2026/09/24 02:06:59.806,1.001756618629174
2026/09/24 02:07:09.789,0.9997558260105449
2026/09/24 02:07:19.789,0.999189546572935
2026/09/24 02:07:29.789,1.000167855887522
2026/09/24 02:07:39.789,1.0001081493848858
2026/09/24 02:07:49.789,0.9992629209138841
2026/09/24 02:07:59.806,1.0004281985940247
2026/09/24 02:08:09.789,0.9998015237258349
2026/09/24 02:08:19.789,0.9988850123022849
2026/09/24 02:08:29.789,1.0007451230228472
2026/09/24 02:08:39.789,0.9999547240773288
2026/09/24 02:08:49.789,1.0011091528998244
2026/09/24 02:08:59.789,0.9995086766256591
2026/09/24 02:09:09.789,1.0001902319859404
2026/09/24 02:09:19.789,0.9987873321616871
2026/09/24 02:09:29.789,1.0010830597539544
2026/09/24 02:09:39.789,0.999930437609842
2026/09/24 02:09:49.789,1.0006734833040423
2026/09/24 02:09:59.789,1.0016042987697715
2026/09/24 02:10:09.789,1.0006837363796135
2026/09/24 02:10:19.772,1.0007314745166962
2026/09/24 02:10:29.806,0.998601811950791
2026/09/24 02:10:39.789,1.0003678084358525
2026/09/24 02:10:49.772,1.0003675518453428
2026/09/24 02:10:59.772,1.0003788804920914
2026/09/24 02:11:09.772,1.0005437451669597
2026/09/24 02:11:19.789,0.9999899068541301
2026/09/24 02:11:29.772,0.9993900421792619
2026/09/24 02:11:39.772,0.9979755131810194
2026/09/24 02:11:49.772,0.9991202407732866
2026/09/24 02:11:59.789,0.9992605360281197
2026/09/24 02:12:09.772,1.0005319068541303
2026/09/24 02:12:19.772,1.0006977346221442
2026/09/24 02:12:29.772,1.0010028892794376
2026/09/24 02:12:39.772,1.0015319613356766
2026/09/24 02:12:49.789,0.9988502952548332
2026/09/24 02:12:59.772,0.999590416520211
2026/09/24 02:13:09.789,0.9997548787346222
2026/09/24 02:13:19.772,1.0019570017574693
2026/09/24 02:13:29.772,0.9985912706502638
2026/09/24 02:13:39.772,1.0003428875219684
2026/09/24 02:13:49.772,1.0004266625659053
2026/09/24 02:13:59.772,1.0003784850615114
2026/09/24 02:14:09.789,1.000791221441125
2026/09/24 02:14:19.789,0.9998149507908612
2026/09/24 02:14:29.772,0.9994957961335678
2026/09/24 02:14:39.772,1.00086139543058
2026/09/24 02:14:49.772,1.0003806572934975
2026/09/24 02:14:59.772,0.9996145940246046
2026/09/24 02:15:09.772,1.0007315799648506
2026/09/24 02:15:19.772,1.0009099876977154
2026/09/24 02:15:29.789,1.0001894833040423
2026/09/24 02:15:39.772,0.9990261388400703
2026/09/24 02:15:49.772,0.9994389138840071
2026/09/24 02:15:59.772,0.9979673971880493
2026/09/24 02:16:09.789,1.0000150193321617
2026/09/24 02:16:19.772,1.0002727996485061
2026/09/24 02:16:29.772,0.9993204393673112
2026/09/24 02:16:39.772,0.9984114393673112
2026/09/24 02:16:49.789,0.9986034094903339
2026/09/24 02:16:59.772,0.9980729560632691
2026/09/24 02:17:09.772,0.9990484586994728
2026/09/24 02:17:19.772,0.9986726748681899
2026/09/24 02:17:29.793,0.9992606906854131
2026/09/24 02:17:39.793,0.9985916379613359
2026/09/24 02:17:49.809,0.9997438154657294
2026/09/24 02:17:59.793,0.9996006239015818
2026/09/24 02:18:09.793,1.0000028594024604
2026/09/24 02:18:19.793,0.9993874165202109
2026/09/24 02:18:29.793,0.999591718804921
2026/09/24 02:18:39.809,1.0013802337434095
2026/09/24 02:18:49.793,0.9978008365553603
2026/09/24 02:18:59.809,0.9990273093145872
2026/09/24 02:19:09.793,0.9987895764499122
2026/09/24 02:19:19.793,0.999863611599297
2026/09/24 02:19:29.809,1.000591142355009
2026/09/24 02:19:39.793,0.9974843497363797
2026/09/24 02:19:49.793,0.9984613321616872
2026/09/24 02:19:59.793,0.9984375500878735
2026/09/24 02:20:09.793,0.9991084147627418
2026/09/24 02:20:19.793,0.9981767012302285
2026/09/24 02:20:29.793,1.0002975694200353
2026/09/24 02:20:39.793,0.9995436502636206
2026/09/24 02:20:49.793,0.9996854340949034
2026/09/24 02:20:59.793,0.9995297855887523
2026/09/24 02:21:09.793,0.9994726660808436
2026/09/24 02:21:19.809,0.9980486168717048
2026/09/24 02:21:29.793,0.9991661950790861
2026/09/24 02:21:39.793,0.9996609543057998
2026/09/24 02:21:49.793,1.0003421458699473
2026/09/24 02:21:59.793,0.9997552390158173
2026/09/24 02:22:09.793,0.9989901124780318
2026/09/24 02:22:19.793,0.999813855887522
2026/09/24 02:22:29.793,1.00142555887522
2026/09/24 02:22:39.809,0.9992140175746925
2026/09/24 02:22:49.793,1.0002975202108966
2026/09/24 02:22:59.793,0.9991558910369069
2026/09/24 02:23:09.793,0.9986819982425308
2026/09/24 02:23:19.809,0.9992968347978911
2026/09/24 02:23:29.809,1.0002950439367313
2026/09/24 02:23:39.793,0.9980476555360281
2026/09/24 02:23:49.793,0.9981325166959579
2026/09/24 02:23:59.793,0.998013588752197
2026/09/24 02:24:09.793,0.9990815360281196
2026/09/24 02:24:19.793,0.998212725834798
2026/09/24 02:24:29.793,0.9994611370826011
2026/09/24 02:24:39.793,0.9992160369068541
2026/09/24 02:24:49.809,1.0008630298769772
2026/09/24 02:24:59.793,0.9984386942003515
2026/09/24 02:25:09.793,0.998469847100176
2026/09/24 02:25:19.793,0.9986371089630932
2026/09/24 02:25:29.793,0.9983434938488578
2026/09/24 02:25:39.793,0.9982116889279439
2026/09/24 02:25:49.793,0.9997568084358526
2026/09/24 02:25:59.793,0.9989308471001759
2026/09/24 02:26:09.809,0.9989316379613357
2026/09/24 02:26:19.793,0.9978594674868191
2026/09/24 02:26:29.809,0.9984011124780316
2026/09/24 02:26:39.793,0.9984633391915642
2026/09/24 02:26:49.793,0.9980607363796133
2026/09/24 02:26:59.793,0.9980708207381372
2026/09/24 02:27:09.793,0.9986732319859404
2026/09/24 02:27:19.793,0.9980229876977155
2026/09/24 02:27:29.793,0.9975079736379615
2026/09/24 02:27:39.793,0.9987213128295256
2026/09/24 02:27:49.793,0.9997103602811952
2026/09/24 02:27:59.809,1.0010272214411249
2026/09/24 02:28:09.793,0.9980133831282952
2026/09/24 02:28:19.793,0.9978254165202111
2026/09/24 02:28:29.793,0.9988965518453429
2026/09/24 02:28:39.793,0.9969760685413005
2026/09/24 02:28:49.793,0.9987088172231987
2026/09/24 02:28:59.793,1.0003078980667839
2026/09/24 02:29:09.793,0.9970224692442884
2026/09/24 02:29:19.809,0.9973288558875222
2026/09/24 02:29:29.809,0.9990493005272408
2026/09/24 02:29:39.809,0.9986836871704746
2026/09/24 02:29:49.793,0.9989186520210896
2026/09/24 02:29:59.793,0.9988124569420036
2026/09/24 02:30:09.793,0.9992946045694201
2026/09/24 02:30:19.793,0.997658128295255
2026/09/24 02:30:29.793,0.9983755184534271
2026/09/24 02:30:39.793,0.9991077258347979
2026/09/24 02:30:49.793,0.9977542671353253
2026/09/24 02:30:59.793,0.9996132478031635
2026/09/24 02:31:09.793,0.999343100175747
2026/09/24 02:31:19.809,0.9987534200351494
2026/09/24 02:31:29.793,1.000109316344464
2026/09/24 02:31:39.793,0.9978932161687171
2026/09/24 02:31:48.793,0.9984244657293498
2026/09/24 02:31:59.793,0.9970833901581723
2026/09/24 02:32:09.793,0.9991435764499123
2026/09/24 02:32:19.793,0.9975540544815467
2026/09/24 02:32:29.793,0.9983066203866434
2026/09/24 02:32:39.793,0.9995321739894553
2026/09/24 02:32:49.793,0.9975880386643236
2026/09/24 02:32:59.793,0.9983767961335677
2026/09/24 02:33:09.793,0.9975178892794377
2026/09/24 02:33:19.793,0.9986607346221443
2026/09/24 02:33:29.793,0.9977658400702988
2026/09/24 02:33:39.793,0.9981892601054483
2026/09/24 02:33:49.793,0.999213725834798
2026/09/24 02:33:59.793,0.9973178435852375
2026/09/24 02:34:09.793,0.9982842847100176
2026/09/24 02:34:19.793,0.9988117820738138
2026/09/24 02:34:29.809,0.9997192108963093
2026/09/24 02:34:39.813,0.9971893409490334
2026/09/24 02:34:49.813,0.9995449578207383
2026/09/24 02:34:59.830,0.9977327381370826
2026/09/24 02:35:09.830,0.9978969138840071
2026/09/24 02:35:19.813,0.9981665254833042
2026/09/24 02:35:29.813,0.9969423989455185
2026/09/24 02:35:39.813,0.998659855887522
2026/09/24 02:35:49.830,0.9974123479789103
2026/09/24 02:35:59.813,0.9984363866432339
2026/09/24 02:36:09.813,0.9972376291739896
2026/09/24 02:36:19.813,0.9979661511423551
2026/09/24 02:36:29.830,0.9971544340949035
2026/09/24 02:36:39.813,0.9978851704745169
2026/09/24 02:36:49.813,0.997129963093146
2026/09/24 02:36:59.830,0.9972827644991213
2026/09/24 02:37:09.813,0.9992367908611601
2026/09/24 02:37:19.813,0.9976463497363798
2026/09/24 02:37:29.830,0.9969654007029878
2026/09/24 02:37:39.813,0.9979677908611599
2026/09/24 02:37:49.813,0.9985904340949033
2026/09/24 02:37:59.813,0.9982712179261863
2026/09/24 02:38:09.813,0.999120460456942
2026/09/24 02:38:19.813,0.9978603286467488
2026/09/24 02:38:29.813,0.9974025149384886
2026/09/24 02:38:39.813,0.9962107521968367
2026/09/24 02:38:49.813,0.9986500035149387
2026/09/24 02:38:59.813,0.9979634200351496
2026/09/24 02:39:09.830,0.9962940158172233
2026/09/24 02:39:19.830,0.998036667838313
2026/09/24 02:39:29.813,0.995998388400703
2026/09/24 02:39:39.813,0.9977892003514939
2026/09/24 02:39:49.830,0.998352560632689
2026/09/24 02:39:59.830,0.9980942495606328
2026/09/24 02:40:09.813,0.9959411599297013
2026/09/24 02:40:19.830,0.9990367926186293
2026/09/24 02:40:29.813,0.9976471318101934
2026/09/24 02:40:39.813,0.9971652741652022
2026/09/24 02:40:49.830,0.9960129859402461
2026/09/24 02:40:58.813,0.9992967539543058
2026/09/24 02:41:09.813,0.9983551898066785
2026/09/24 02:41:19.813,0.9967886344463973
2026/09/24 02:41:29.813,0.9987184253075572
2026/09/24 02:41:39.813,0.9980005676625661
2026/09/24 02:41:49.813,0.9978024270650265
2026/09/24 02:41:59.830,0.9977892390158173
2026/09/24 02:42:09.813,0.9977674516695958
2026/09/24 02:42:19.813,0.9978483040421794
2026/09/24 02:42:29.830,0.9983437715289983
2026/09/24 02:42:39.813,0.9978004182776802
2026/09/24 02:42:49.813,0.9980717855887523
2026/09/24 02:42:59.813,0.9966825096660809
2026/09/24 02:43:09.830,0.9974147838312831
2026/09/24 02:43:19.813,0.9976127311072058
2026/09/24 02:43:29.813,0.9970238365553603
2026/09/24 02:43:39.813,0.9969542565905097
2026/09/24 02:43:49.813,0.9964350298769773
2026/09/24 02:43:59.813,0.9976719156414764
2026/09/24 02:44:09.813,0.998860869947276
2026/09/24 02:44:19.813,0.9969406572934975
2026/09/24 02:44:29.813,0.9965758031634447
2026/09/24 02:44:39.830,0.9980001265377856
2026/09/24 02:44:49.830,0.9978130949033392
2026/09/24 02:44:59.813,0.9971192970123024
2026/09/24 02:45:09.813,0.997731453427065
2026/09/24 02:45:19.813,0.9969656063268894
2026/09/24 02:45:29.813,0.9962948787346223
2026/09/24 02:45:39.813,0.9948797908611601
2026/09/24 02:45:49.813,0.9970347205623902
2026/09/24 02:45:59.813,0.9950224727592268
2026/09/24 02:46:09.813,0.996953998242531
2026/09/24 02:46:19.830,0.9978369912126538
2026/09/24 02:46:29.813,0.9969068242530755
2026/09/24 02:46:39.830,0.9983998576449913
2026/09/24 02:46:49.813,0.9973890544815467
2026/09/24 02:46:59.813,0.9967541388400705
2026/09/24 02:47:09.813,0.998258035149385
2026/09/24 02:47:19.813,0.9967514534270651
2026/09/24 02:47:29.830,0.9986466748681899
2026/09/24 02:47:39.813,0.9982950755711777
2026/09/24 02:47:49.830,0.9977059455184535
2026/09/24 02:47:59.813,0.9970597416520212
2026/09/24 02:48:09.813,0.9977323181019332
2026/09/24 02:48:19.813,0.9980139191564149
2026/09/24 02:48:29.813,0.9967313181019333
2026/09/24 02:48:39.813,0.9970116028119509
2026/09/24 02:48:49.830,0.9968354833040421
2026/09/24 02:48:59.813,0.9949291300527241
2026/09/24 02:49:09.813,0.9957157469244289
2026/09/24 02:49:19.813,0.9980965342706504
2026/09/24 02:49:29.813,0.997895135325132
2026/09/24 02:49:39.830,0.9977187100175748
2026/09/24 02:49:49.813,0.9970344235500879
2026/09/24 02:49:59.813,0.997376718804921
2026/09/24 02:50:09.813,0.9968234499121266
2026/09/24 02:50:19.830,0.9973182759226715
2026/09/24 02:50:29.813,0.9972933620386644
2026/09/24 02:50:39.813,0.9963652759226714
2026/09/24 02:50:49.813,0.9959878172231986
2026/09/24 02:50:59.830,0.9968134991212654
2026/09/24 02:51:09.813,0.9952687434094903
2026/09/24 02:51:19.813,0.9981177838312831
2026/09/24 02:51:29.813,0.9970811845342707
2026/09/24 02:51:39.830,0.9969301757469244
2026/09/24 02:51:49.833,0.9983304340949034
2026/09/24 02:51:59.833,0.9964245008787347
2026/09/24 02:52:09.833,0.9970142618629174
2026/09/24 02:52:19.849,0.9954939332161689
2026/09/24 02:52:29.833,0.996788667838313
2026/09/24 02:52:39.833,0.996318344463972
2026/09/24 02:52:49.849,0.9969287768014061
2026/09/24 02:52:59.833,0.9967167504393672
2026/09/24 02:53:09.833,0.9969286959578209
2026/09/24 02:53:19.833,0.9977405008787347
2026/09/24 02:53:29.833,0.9956595079086117
2026/09/24 02:53:39.833,0.9962463391915642
2026/09/24 02:53:49.833,0.9971861898066785
2026/09/24 02:53:59.833,0.9950464868189807
2026/09/24 02:54:09.849,0.9980483479789105
2026/09/24 02:54:19.849,0.9972133778558876
2026/09/24 02:54:29.849,0.994846776801406
2026/09/24 02:54:39.833,0.9988126660808437
2026/09/24 02:54:49.833,0.9976367891036908
2026/09/24 02:54:59.833,0.9970937820738138
2026/09/24 02:55:08.849,0.9962329753954308
2026/09/24 02:55:19.833,0.995857711775044
2026/09/24 02:55:29.833,0.9962109086115994
2026/09/24 02:55:39.833,0.9959534569420037
2026/09/24 02:55:49.833,0.99722239543058
2026/09/24 02:55:59.849,0.9962373690685414
2026/09/24 02:56:09.833,0.9969188066783833
2026/09/24 02:56:19.849,0.9956123057996487
2026/09/24 02:56:29.833,0.998365546572935
2026/09/24 02:56:39.833,0.9978117504393674
2026/09/24 02:56:49.849,0.9972704868189808
2026/09/24 02:56:59.849,0.9991313479789103
2026/09/24 02:57:09.833,1.0049731985940247
2026/09/24 02:57:19.833,1.0122835623901583
2026/09/24 02:57:29.833,1.0164046432337435
2026/09/24 02:57:39.849,1.021738128295255
2026/09/24 02:57:49.833,1.0289447961335676
2026/09/24 02:57:59.833,1.0342896836555362
2026/09/24 02:58:09.833,1.0399878611599298
2026/09/24 02:58:19.833,1.04450967486819
2026/09/24 02:58:29.833,1.049713683655536
2026/09/24 02:58:39.849,1.0536946449912128
2026/09/24 02:58:49.833,1.059452818980668
2026/09/24 02:58:59.833,1.0640312460456942
2026/09/24 02:59:09.833,1.0681078822495607
2026/09/24 02:59:19.849,1.0782543532513182
2026/09/24 02:59:29.833,1.0871776063268894
2026/09/24 02:59:39.833,1.1011896203866434
2026/09/24 02:59:49.833,1.1173332196836556
2026/09/24 02:59:59.833,1.1561774797891038
2026/09/24 03:00:09.849,16.479933268892793
2026/09/24 03:00:19.833,18.865551318101932
2026/09/24 03:00:29.833,19.254267486818982
2026/09/24 03:00:39.833,19.33082724077329
2026/09/24 03:00:49.833,19.385329876977153
2026/09/24 03:00:59.849,19.410087521968368
2026/09/24 03:01:09.849,19.431365377855887
2026/09/24 03:01:19.833,19.44615184534271
2026/09/24 03:01:29.849,19.463839015817225
2026/09/24 03:01:39.833,19.470889103690688
2026/09/24 03:01:49.833,19.481091036906854
2026/09/24 03:01:59.833,19.490817926186295
2026/09/24 03:02:09.833,19.50167451669596
2026/09/24 03:02:19.833,19.5063
2026/09/24 03:02:29.833,19.514081546572935
2026/09/24 03:02:39.833,19.539188576449913
2026/09/24 03:02:49.833,19.54259050966608
2026/09/24 03:02:59.833,19.541480843585237
2026/09/24 03:03:09.849,19.546667486818983
2026/09/24 03:03:19.833,19.552012302284712
2026/09/24 03:03:29.833,19.555578207381373
2026/09/24 03:03:39.833,19.552758347978912
2026/09/24 03:03:49.833,19.555070650263623
2026/09/24 03:03:59.833,19.55178840070299
2026/09/24 03:04:09.833,19.198056239015816
2026/09/24 03:04:19.833,18.953839015817227
2026/09/24 03:04:29.833,19.030870298769774
2026/09/24 03:04:39.833,19.25217891036907
2026/09/24 03:04:49.833,19.41060685413005
2026/09/24 03:04:59.849,19.453584007029878
2026/09/24 03:05:09.833,19.48735448154657
2026/09/24 03:05:19.849,19.502125834797894
2026/09/24 03:05:29.833,19.513762390158174
2026/09/24 03:05:39.833,19.51517293497364
2026/09/24 03:05:49.849,19.512935852372586
2026/09/24 03:05:59.833,19.505029525483305
2026/09/24 03:06:09.849,19.501046924428824
2026/09/24 03:06:19.833,19.49270351493849
2026/09/24 03:06:29.833,19.48672688927944
2026/09/24 03:06:39.833,19.48179314586995
2026/09/24 03:06:49.833,19.47539244288225
2026/09/24 03:06:59.833,19.4704237258348
2026/09/24 03:07:09.833,19.465353602811952
2026/09/24 03:07:19.849,19.459439191564147
2026/09/24 03:07:29.833,19.454253602811953
2026/09/24 03:07:39.833,19.452968014059756
2026/09/24 03:07:49.849,19.44840386643234
2026/09/24 03:07:59.833,19.44287381370826
2026/09/24 03:08:09.833,19.437942179261864
2026/09/24 03:08:19.833,19.434101757469247
2026/09/24 03:08:29.849,19.430588049209142
2026/09/24 03:08:39.816,19.42726133567663
2026/09/24 03:08:49.816,19.424652899824256
2026/09/24 03:08:59.816,19.420313884007033
2026/09/24 03:09:09.836,19.419242179261865
2026/09/24 03:09:19.836,19.41512249560633
2026/09/24 03:09:29.836,19.413070298769775
2026/09/24 03:09:39.836,19.40939876977153
2026/09/24 03:09:49.836,19.407019156414766
2026/09/24 03:09:59.836,19.402332513181022
2026/09/24 03:10:09.853,19.400462917398947
2026/09/24 03:10:19.836,19.39964323374341
2026/09/24 03:10:29.836,19.396850263620387
2026/09/24 03:10:39.836,19.394812829525485
2026/09/24 03:10:49.836,19.392402108963093
2026/09/24 03:10:59.836,19.389704920913886
2026/09/24 03:11:09.836,19.38777258347979
2026/09/24 03:11:19.836,19.384976274165204
2026/09/24 03:11:29.853,19.382660984182777
2026/09/24 03:11:39.836,19.381136028119506
2026/09/24 03:11:49.836,19.380259753954306
2026/09/24 03:11:59.836,19.377634622144114
2026/09/24 03:12:09.853,19.374098594024606
2026/09/24 03:12:19.836,19.37307609841828
2026/09/24 03:12:29.836,19.371777152899824
2026/09/24 03:12:39.836,19.36812882249561
2026/09/24 03:12:49.836,19.366821968365556
2026/09/24 03:12:59.853,19.365993673110722
2026/09/24 03:13:09.853,19.363884007029878
2026/09/24 03:13:19.836,19.36253321616872
2026/09/24 03:13:29.836,19.360876274165204
2026/09/24 03:13:39.836,19.360977855887523
2026/09/24 03:13:49.836,19.357510017574693
2026/09/24 03:13:59.836,19.356212478031633
2026/09/24 03:14:09.836,19.352708084358525
2026/09/24 03:14:19.836,19.350844991212657
2026/09/24 03:14:29.853,19.352057293497367
2026/09/24 03:14:39.836,19.34882899824253
2026/09/24 03:14:49.836,19.348165202108962
2026/09/24 03:14:59.836,19.347410896309317
2026/09/24 03:15:09.836,19.344757117750444
2026/09/24 03:15:19.836,19.343152196836556
2026/09/24 03:15:29.836,19.34276572934974
2026/09/24 03:15:39.836,19.341376801405975
2026/09/24 03:15:49.836,19.33772390158172
2026/09/24 03:15:59.853,19.339472407732867
2026/09/24 03:16:09.836,19.33675659050967
2026/09/24 03:16:19.836,19.336141300527242
2026/09/24 03:16:29.836,19.33533409490334
2026/09/24 03:16:39.836,19.334200000000003
2026/09/24 03:16:49.836,19.333071177504394
2026/09/24 03:16:59.836,19.33069630931459
2026/09/24 03:17:09.836,19.32819718804921
2026/09/24 03:17:19.836,19.329472056239016
2026/09/24 03:17:29.836,19.3261920913884
2026/09/24 03:17:39.836,19.326209138840074
2026/09/24 03:17:49.836,19.32608892794376
2026/09/24 03:17:59.836,19.32419630931459
2026/09/24 03:18:09.836,19.32258717047452
2026/09/24 03:18:19.853,19.322893497363797
2026/09/24 03:18:29.853,19.321887521968367
2026/09/24 03:18:39.836,19.32129156414763
2026/09/24 03:18:49.836,19.319942355008788
2026/09/24 03:18:59.836,19.318829525483306
2026/09/24 03:19:09.853,19.319092970123023
2026/09/24 03:19:19.836,19.316273110720562
2026/09/24 03:19:29.836,19.31604042179262
2026/09/24 03:19:39.836,19.314331107205625
2026/09/24 03:19:49.836,19.315900175746926
2026/09/24 03:19:59.853,19.31378295254833
2026/09/24 03:20:09.836,19.31209947275923
2026/09/24 03:20:19.836,19.312478734622147
2026/09/24 03:20:29.836,19.311893848857647
2026/09/24 03:20:39.836,19.309742882249562
2026/09/24 03:20:49.836,19.309481019332164
2026/09/24 03:20:59.853,19.30809753954306
2026/09/24 03:21:09.836,19.306892618629178
2026/09/24 03:21:19.836,19.307301405975394
2026/09/24 03:21:29.836,19.30582021089631
2026/09/24 03:21:39.836,19.30363532513181
2026/09/24 03:21:49.836,19.304177504393675
2026/09/24 03:21:59.836,19.30417135325132
2026/09/24 03:22:09.853,19.303743760984183
2026/09/24 03:22:19.836,19.303815641476277
2026/09/24 03:22:29.836,19.301179261862917
2026/09/24 03:22:39.853,19.301628646748682
2026/09/24 03:22:49.836,19.300936731107207
2026/09/24 03:22:59.836,19.301408963093145
2026/09/24 03:23:09.853,19.299004042179263
2026/09/24 03:23:19.836,19.29681300527241
2026/09/24 03:23:29.836,19.297496660808438
2026/09/24 03:23:39.836,19.296587521968366
2026/09/24 03:23:49.836,19.29756309314587
2026/09/24 03:23:59.836,19.295403690685415
2026/09/24 03:24:09.836,19.294621265377856
2026/09/24 03:24:19.853,19.29301898066784
2026/09/24 03:24:29.836,19.292999472759227
2026/09/24 03:24:39.836,19.29537486818981
2026/09/24 03:24:49.836,19.29277293497364
2026/09/24 03:24:59.836,19.291757293497366
2026/09/24 03:25:09.853,19.290604217926187
2026/09/24 03:25:19.853,19.291642179261867
2026/09/24 03:25:29.836,19.290172759226717
2026/09/24 03:25:39.853,19.290588400702987
2026/09/24 03:25:49.836,19.289901757469245
2026/09/24 03:25:59.836,19.288612126537785
2026/09/24 03:26:09.836,19.28678611599297
2026/09/24 03:26:19.856,19.285838137082603
2026/09/24 03:26:29.856,19.28698172231986
2026/09/24 03:26:39.856,19.287450087873463
2026/09/24 03:26:49.856,19.28609876977153
2026/09/24 03:26:59.856,19.285712126537785
2026/09/24 03:27:09.856,19.285422144112477
2026/09/24 03:27:19.873,19.28498049209139
2026/09/24 03:27:29.856,19.283980667838314
2026/09/24 03:27:38.856,19.281227768014062
2026/09/24 03:27:49.856,19.28274903339192
2026/09/24 03:27:59.856,19.28144639718805
2026/09/24 03:28:09.856,19.282092442882252
2026/09/24 03:28:19.856,19.27918014059754
2026/09/24 03:28:29.873,19.2805388400703
2026/09/24 03:28:39.856,19.279736906854133
2026/09/24 03:28:49.856,19.27956871704745
2026/09/24 03:28:59.856,19.278537082601055
2026/09/24 03:29:09.856,19.279933919156417
2026/09/24 03:29:19.873,19.27670667838313
2026/09/24 03:29:29.856,19.27748594024605
2026/09/24 03:29:39.856,19.27673989455185
2026/09/24 03:29:49.873,19.276468541300527
2026/09/24 03:29:59.856,19.27626133567663
2026/09/24 03:30:09.873,19.27524393673111
2026/09/24 03:30:19.856,19.276541300527242
2026/09/24 03:30:29.873,19.2750237258348
2026/09/24 03:30:39.873,19.274910017574694
2026/09/24 03:30:49.856,19.27391300527241
2026/09/24 03:30:59.856,19.27359156414763
2026/09/24 03:31:09.873,19.273700878734623
2026/09/24 03:31:19.856,19.272101230228472
2026/09/24 03:31:29.873,19.270763971880495
2026/09/24 03:31:39.873,19.269917926186295
2026/09/24 03:31:49.856,19.270755711775045
2026/09/24 03:31:59.873,19.269746924428826
2026/09/24 03:32:09.856,19.270602108963093
2026/09/24 03:32:19.856,19.26899191564148
2026/09/24 03:32:29.873,19.270596309314588
2026/09/24 03:32:39.856,19.269026362038666
2026/09/24 03:32:49.856,19.26829507908612
2026/09/24 03:32:59.856,19.267855008787347
2026/09/24 03:33:08.873,19.267573637961338
2026/09/24 03:33:18.873,19.267666432337435
2026/09/24 03:33:28.856,19.267226362038667
2026/09/24 03:33:39.856,19.265178207381375
2026/09/24 03:33:48.856,19.266538137082602
2026/09/24 03:33:59.856,19.26596309314587
2026/09/24 03:34:08.873,19.266573110720564
2026/09/24 03:34:18.873,19.26560175746925
2026/09/24 03:34:28.873,19.265324780316348
2026/09/24 03:34:38.856,19.264781546572937
2026/09/24 03:34:49.856,19.265309490333923
2026/09/24 03:34:58.856,19.264608435852374
2026/09/24 03:35:08.856,19.26376133567663
2026/09/24 03:35:19.856,19.263844288224956
2026/09/24 03:35:28.873,19.2625323374341
2026/09/24 03:35:38.856,19.261708084358524
2026/09/24 03:35:48.873,19.262674340949037
2026/09/24 03:35:58.856,19.26170913884007
2026/09/24 03:36:08.856,19.260472407732866
2026/09/24 03:36:18.856,19.26057732864675
2026/09/24 03:36:28.856,19.261597363796135
2026/09/24 03:36:38.856,19.261065553602812
2026/09/24 03:36:48.873,19.260112829525486
2026/09/24 03:36:58.856,19.259333391915643
2026/09/24 03:37:08.856,19.26002091388401
2026/09/24 03:37:18.856,19.259039543057998
2026/09/24 03:37:28.873,19.258738312829525
2026/09/24 03:37:38.856,19.260616344463976
2026/09/24 03:37:48.856,19.258758172231985
2026/09/24 03:37:58.856,19.257787521968368
2026/09/24 03:38:08.856,19.258458172231986
2026/09/24 03:38:18.856,19.257462390158175
2026/09/24 03:38:28.856,19.2579855887522
2026/09/24 03:38:38.856,19.256190333919157
2026/09/24 03:38:48.856,19.25721862917399
2026/09/24 03:38:58.873,19.255655008787347
2026/09/24 03:39:08.856,19.25622970123023
2026/09/24 03:39:18.856,19.256133040421794
2026/09/24 03:39:28.873,19.25442882249561
2026/09/24 03:39:38.856,19.254483831282954
2026/09/24 03:39:48.856,19.25600755711775
2026/09/24 03:39:58.856,19.254033216168718
2026/09/24 03:40:08.856,19.252769947275926
2026/09/24 03:40:18.856,19.253400702987697
2026/09/24 03:40:28.856,19.252960984182778
2026/09/24 03:40:38.856,19.252553778558877
2026/09/24 03:40:48.873,19.252067135325134
2026/09/24 03:40:58.873,19.252367135325134
2026/09/24 03:41:08.856,19.253860105448158
2026/09/24 03:41:18.856,19.251811950790863
2026/09/24 03:41:28.856,19.251066432337435
2026/09/24 03:41:38.856,19.251998945518455
2026/09/24 03:41:48.856,19.25121810193322
2026/09/24 03:41:58.856,19.250734797891038
2026/09/24 03:42:08.856,19.251080316344463
2026/09/24 03:42:18.873,19.250545342706506
2026/09/24 03:42:28.856,19.249287170474517
2026/09/24 03:42:38.873,19.247747451669596
2026/09/24 03:42:48.856,19.247865729349737
2026/09/24 03:42:58.856,19.247560456942004
2026/09/24 03:43:08.856,19.246369947275927
2026/09/24 03:43:18.873,19.24655026362039
2026/09/24 03:43:28.893,19.24697644991213
2026/09/24 03:43:38.876,19.248685764499122
2026/09/24 03:43:48.876,19.24616502636204
2026/09/24 03:43:58.876,19.246144639718807
2026/09/24 03:44:08.893,19.24634797891037
2026/09/24 03:44:18.876,19.246210193321616
2026/09/24 03:44:28.876,19.246650615114234
2026/09/24 03:44:38.876,19.244820035149385
2026/09/24 03:44:48.876,19.244301581722322
2026/09/24 03:44:58.876,19.24545676625659
2026/09/24 03:45:08.876,19.245006151142356
2026/09/24 03:45:18.876,19.243659226713536
2026/09/24 03:45:28.876,19.243340246045697
2026/09/24 03:45:38.876,19.243072759226713
2026/09/24 03:45:48.893,19.241748154657294
2026/09/24 03:45:58.876,19.243058347978913
2026/09/24 03:46:08.876,19.242716520210898
2026/09/24 03:46:18.893,19.24004042179262
2026/09/24 03:46:28.893,19.241882249560636
2026/09/24 03:46:38.893,19.243583128295256
2026/09/24 03:46:48.876,19.241961335676624
2026/09/24 03:46:58.876,19.242412126537786
2026/09/24 03:47:08.876,19.242453602811953
2026/09/24 03:47:18.893,19.24078927943761
2026/09/24 03:47:28.876,19.241229173989456
2026/09/24 03:47:38.876,19.239955008787348
2026/09/24 03:47:48.876,19.24044200351494
2026/09/24 03:47:58.876,19.239957117750443
2026/09/24 03:48:08.876,19.24013866432338
2026/09/24 03:48:18.893,19.23958242530756
2026/09/24 03:48:28.876,19.23899841827768
2026/09/24 03:48:38.876,19.237732688927945
2026/09/24 03:48:48.876,19.23827012302285
2026/09/24 03:48:58.893,19.239542530755713
2026/09/24 03:49:08.893,19.238975395430582
2026/09/24 03:49:18.876,19.237965553602812
2026/09/24 03:49:28.876,19.236101230228474
2026/09/24 03:49:38.876,19.238399472759227
2026/09/24 03:49:48.876,19.23757680140598
2026/09/24 03:49:58.876,19.238203339191564
2026/09/24 03:50:08.876,19.23599824253076
2026/09/24 03:50:18.876,19.236444463971882
2026/09/24 03:50:28.876,19.23591546572935
2026/09/24 03:50:38.893,19.235889455184534
2026/09/24 03:50:48.876,19.23528998242531
2026/09/24 03:50:58.876,19.235667311072056
2026/09/24 03:51:08.876,19.235251318101934
2026/09/24 03:51:18.893,19.23545940246046
2026/09/24 03:51:28.876,19.234944112478033
2026/09/24 03:51:38.876,19.234239543058
2026/09/24 03:51:48.876,19.231865202108963
2026/09/24 03:51:58.876,19.23266063268893
2026/09/24 03:52:08.876,19.234224428822497
2026/09/24 03:52:18.876,19.233407381370828
2026/09/24 03:52:28.876,19.231771001757473
2026/09/24 03:52:38.893,19.23299507908612
2026/09/24 03:52:48.876,19.232149736379615
2026/09/24 03:52:58.893,19.23072460456942
2026/09/24 03:53:08.876,19.230799648506153
2026/09/24 03:53:18.876,19.230459402460458
2026/09/24 03:53:28.893,19.23227820738137
2026/09/24 03:53:38.876,19.231933391915643
2026/09/24 03:53:48.876,19.228968014059756
2026/09/24 03:53:58.893,19.230647275922674
2026/09/24 03:54:08.876,19.230714762741652
2026/09/24 03:54:18.876,19.23028594024605
2026/09/24 03:54:28.876,19.229548857644993
2026/09/24 03:54:38.876,19.22744551845343
2026/09/24 03:54:48.876,19.22957855887522
2026/09/24 03:54:58.893,19.229093848857648
2026/09/24 03:55:08.893,19.228835500878734
2026/09/24 03:55:18.876,19.22798646748682
2026/09/24 03:55:28.876,19.226933216168717
2026/09/24 03:55:38.876,19.228599472759228
2026/09/24 03:55:48.876,19.22633690685413
2026/09/24 03:55:58.876,19.226210369068543
2026/09/24 03:56:08.876,19.229764850615116
2026/09/24 03:56:18.876,19.22860913884007
2026/09/24 03:56:28.893,19.22721300527241
2026/09/24 03:56:38.876,19.22808330404218
2026/09/24 03:56:48.876,19.22555500878735
2026/09/24 03:56:58.893,19.22714586994728
2026/09/24 03:57:08.876,19.225882073813708
2026/09/24 03:57:18.876,19.225728295254836
2026/09/24 03:57:28.876,19.225789279437613
2026/09/24 03:57:38.893,19.22517609841828
2026/09/24 03:57:48.893,19.224750615114235
2026/09/24 03:57:58.876,19.223113708260108
2026/09/24 03:58:08.876,19.22486766256591
2026/09/24 03:58:18.893,19.225054130052726
2026/09/24 03:58:28.893,19.224260808435854
2026/09/24 03:58:38.876,19.223485413005275
2026/09/24 03:58:48.893,19.221855711775046
2026/09/24 03:58:58.876,19.222997891036908
2026/09/24 03:59:08.876,19.22186924428823
2026/09/24 03:59:18.876,19.221586994727595
2026/09/24 03:59:28.876,19.222034622144115
2026/09/24 03:59:38.876,19.221888049209138
2026/09/24 03:59:48.876,19.222255711775045
2026/09/24 03:59:58.893,19.222472934973638
2026/09/24 04:00:08.876,19.220885764499123
2026/09/24 04:00:18.876,19.221503690685417
2026/09/24 04:00:28.893,19.222888224956066
2026/09/24 04:00:38.914,19.221035500878735
2026/09/24 04:00:48.897,19.220382249560636
2026/09/24 04:00:58.897,19.221866256590513
2026/09/24 04:01:08.914,19.220499648506152
2026/09/24 04:01:18.897,19.220724604569423
2026/09/24 04:01:28.897,19.21974446397188
2026/09/24 04:01:38.897,19.219237082601055
2026/09/24 04:01:48.897,19.219932161687172
2026/09/24 04:01:58.897,19.21848330404218
2026/09/24 04:02:08.914,19.217842530755714
2026/09/24 04:02:18.914,19.21955430579965
2026/09/24 04:02:28.897,19.2190783831283
2026/09/24 04:02:38.897,19.2203079086116
2026/09/24 04:02:48.897,19.218913708260107
2026/09/24 04:02:58.914,19.218342882249562
2026/09/24 04:03:08.897,19.21845342706503
2026/09/24 04:03:18.897,19.21673286467487
2026/09/24 04:03:28.897,19.217813708260106
2026/09/24 04:03:38.897,19.217317223198595
2026/09/24 04:03:48.897,19.216729525483306
2026/09/24 04:03:58.897,19.21566028119508
2026/09/24 04:04:08.897,19.21516572934974
2026/09/24 04:04:18.897,19.216499472759228
2026/09/24 04:04:28.914,19.21542284710018
2026/09/24 04:04:38.897,19.214536203866434
2026/09/24 04:04:48.897,19.21669314586995
2026/09/24 04:04:58.897,19.215446397188053
2026/09/24 04:05:08.897,19.216472583479792
2026/09/24 04:05:18.897,19.216237785588753
2026/09/24 04:05:28.897,19.21391616871705
2026/09/24 04:05:38.897,19.213404920913884
2026/09/24 04:05:48.897,19.21361546572935
2026/09/24 04:05:58.914,19.215243936731106
2026/09/24 04:06:08.914,19.214531810193325
2026/09/24 04:06:18.897,19.213213532513183
2026/09/24 04:06:28.897,19.215436555360284
2026/09/24 04:06:38.897,19.213957293497366
2026/09/24 04:06:48.897,19.21367258347979
2026/09/24 04:06:58.914,19.211970474516697
2026/09/24 04:07:08.881,19.21348734622144
2026/09/24 04:07:18.881,19.212478910369068
2026/09/24 04:07:28.881,19.211191036906854
2026/09/24 04:07:38.881,19.21308172231986
2026/09/24 04:07:48.881,19.212526889279438
2026/09/24 04:07:58.881,19.211664674868192
2026/09/24 04:08:08.897,19.211416168717047
2026/09/24 04:08:18.881,19.211453427065027
2026/09/24 04:08:28.881,19.2126316344464
2026/09/24 04:08:38.897,19.208808435852376
2026/09/24 04:08:48.881,19.211706502636204
2026/09/24 04:08:58.881,19.21019560632689
2026/09/24 04:09:08.881,19.212292794376097
2026/09/24 04:09:18.881,19.208811599297015
2026/09/24 04:09:28.881,19.210526362038664
2026/09/24 04:09:38.881,19.20932284710018
2026/09/24 04:09:48.881,19.210696660808438
2026/09/24 04:09:58.881,19.20937258347979
2026/09/24 04:10:08.881,19.209605975395434
2026/09/24 04:10:18.897,19.2093848857645
2026/09/24 04:10:28.897,19.207383479789105
2026/09/24 04:10:38.881,19.21027065026362
2026/09/24 04:10:48.881,19.21075940246046
2026/09/24 04:10:58.897,19.20959191564148
2026/09/24 04:11:08.881,19.207963620386643
2026/09/24 04:11:18.881,19.206463971880495
2026/09/24 04:11:28.881,19.208969420035153
2026/09/24 04:11:38.881,19.20869472759227
2026/09/24 04:11:48.881,19.207684358523725
2026/09/24 04:11:58.897,19.20793286467487
2026/09/24 04:12:08.897,19.208019332161687
2026/09/24 04:12:18.881,19.20912688927944
2026/09/24 04:12:28.881,19.20649244288225
2026/09/24 04:12:38.881,19.206875395430583
2026/09/24 04:12:48.897,19.208751142355013
2026/09/24 04:12:58.881,19.207174340949035
2026/09/24 04:13:08.881,19.20868646748682
2026/09/24 04:13:18.881,19.20742284710018
2026/09/24 04:13:28.881,19.204462741652023
2026/09/24 04:13:38.881,19.205280316344467
2026/09/24 04:13:48.897,19.207024077328647
2026/09/24 04:13:58.897,19.205953602811952
2026/09/24 04:14:08.881,19.205006502636206
2026/09/24 04:14:18.881,19.206126010544818
2026/09/24 04:14:28.881,19.206165202108963
2026/09/24 04:14:38.897,19.207268365553603
2026/09/24 04:14:48.881,19.20407926186292
2026/09/24 04:14:58.881,19.205869771529
2026/09/24 04:15:08.881,19.203486115992973
2026/09/24 04:15:18.881,19.205126010544816
2026/09/24 04:15:28.881,19.205523550087875
2026/09/24 04:15:38.881,19.20430702987698
2026/09/24 04:15:48.881,19.203991036906856
2026/09/24 04:15:58.881,19.204800878734623
2026/09/24 04:16:08.881,19.20379982425308
2026/09/24 04:16:18.897,19.20180984182777
2026/09/24 04:16:28.881,19.202156414762744
2026/09/24 04:16:38.897,19.203825131810195
2026/09/24 04:16:48.881,19.2024237258348
2026/09/24 04:16:58.881,19.204162917398946
2026/09/24 04:17:08.881,19.202831107205625
2026/09/24 04:17:18.897,19.20195184534271
2026/09/24 04:17:28.881,19.203031634446397
2026/09/24 04:17:38.881,19.202485061511425
2026/09/24 04:17:48.900,19.202743936731107
2026/09/24 04:17:58.917,19.200532337434097
2026/09/24 04:18:08.900,19.202019156414764
2026/09/24 04:18:18.900,19.20131036906854
2026/09/24 04:18:28.900,19.201574340949033
2026/09/24 04:18:38.900,19.20170562390158
2026/09/24 04:18:48.917,19.20227855887522
2026/09/24 04:18:58.900,19.2015546572935
2026/09/24 04:19:08.900,19.20141195079086
2026/09/24 04:19:18.900,19.200078383128297
2026/09/24 04:19:28.900,19.202401405975397
2026/09/24 04:19:38.917,19.200857996485063
2026/09/24 04:19:48.900,19.200320738137084
2026/09/24 04:19:58.917,19.20045588752197
2026/09/24 04:20:08.917,19.199743057996486
2026/09/24 04:20:18.900,19.200699648506152
2026/09/24 04:20:28.900,19.198244112478033
2026/09/24 04:20:38.900,19.199018804920915
2026/09/24 04:20:48.900,19.19927135325132
2026/09/24 04:20:58.900,19.198701757469244
2026/09/24 04:21:08.917,19.199882249560634
2026/09/24 04:21:18.900,19.198778207381373
2026/09/24 04:21:28.900,19.197658875219688
2026/09/24 04:21:38.917,19.197428998242533
2026/09/24 04:21:48.917,19.199049384885765
2026/09/24 04:21:58.900,19.197339367311073
2026/09/24 04:22:08.900,19.197652196836557
2026/09/24 04:22:18.900,19.198322671353253
2026/09/24 04:22:28.900,19.19937926186292
2026/09/24 04:22:38.917,19.199063268892797
2026/09/24 04:22:48.917,19.198831810193322
2026/09/24 04:22:58.900,19.19858400702988
2026/09/24 04:23:08.900,19.198000175746927
2026/09/24 04:23:18.917,19.19436151142355
2026/09/24 04:23:28.900,19.196193145869948
2026/09/24 04:23:38.900,19.19614112478032
2026/09/24 04:23:48.900,19.195517574692445
2026/09/24 04:23:58.917,19.19635342706503
2026/09/24 04:24:08.900,19.19456098418278
2026/09/24 04:24:18.900,19.19563128295255
2026/09/24 04:24:28.900,19.19492530755712
2026/09/24 04:24:38.900,19.19511458699473
2026/09/24 04:24:48.900,19.194550087873463
2026/09/24 04:24:58.900,19.194931634446398
2026/09/24 04:25:08.900,19.19617891036907
2026/09/24 04:25:18.900,19.19603339191564
2026/09/24 04:25:28.917,19.193799824253077
2026/09/24 04:25:38.900,19.19347557117751
2026/09/24 04:25:48.900,19.194238488576453
2026/09/24 04:25:58.900,19.19507416520211
2026/09/24 04:26:08.900,19.19540228471002
2026/09/24 04:26:18.900,19.195236555360285
2026/09/24 04:26:28.917,19.194624077328648
2026/09/24 04:26:38.900,19.194611599297016
2026/09/24 04:26:48.917,19.19334639718805
2026/09/24 04:26:58.900,19.192939367311073
2026/09/24 04:27:08.900,19.195552548330408
2026/09/24 04:27:18.900,19.192476449912128
2026/09/24 04:27:28.900,19.19433339191564
2026/09/24 04:27:38.900,19.193604920913884
2026/09/24 04:27:48.917,19.191624077328648
2026/09/24 04:27:58.900,19.1920920913884
2026/09/24 04:28:08.900,19.192617574692445
2026/09/24 04:28:18.900,19.191985237258347
2026/09/24 04:28:28.917,19.19345500878735
2026/09/24 04:28:38.900,19.19372460456942
2026/09/24 04:28:48.917,19.19278119507909
2026/09/24 04:28:58.900,19.191237434094905
2026/09/24 04:29:08.900,19.19169525483304
2026/09/24 04:29:18.900,19.193544463971882
2026/09/24 04:29:28.900,19.191769595782077
2026/09/24 04:29:38.917,19.194157293497366
2026/09/24 04:29:48.917,19.19278998242531
2026/09/24 04:29:58.900,19.192108435852376
2026/09/24 04:30:08.900,19.19088576449912
2026/09/24 04:30:18.900,19.192925131810195
2026/09/24 04:30:28.900,19.193240597539546
2026/09/24 04:30:38.917,19.19317135325132
2026/09/24 04:30:48.900,19.191576625659053
2026/09/24 04:30:58.917,19.191532688927946
2026/09/24 04:31:08.900,19.191288927943763
2026/09/24 04:31:18.900,19.189579261862917
2026/09/24 04:31:28.900,19.19233356766257
2026/09/24 04:31:38.917,19.19202688927944
2026/09/24 04:31:48.900,19.191739015817227
2026/09/24 04:31:58.900,19.190894551845343
2026/09/24 04:32:08.900,19.190918804920916
2026/09/24 04:32:18.900,19.191905623901583
2026/09/24 04:32:28.900,19.19072776801406
2026/09/24 04:32:38.917,19.190786291739897
2026/09/24 04:32:48.917,19.189282249560634
2026/09/24 04:32:58.917,19.189932337434097
2026/09/24 04:33:08.900,19.190767311072058
2026/09/24 04:33:18.900,19.189761159929702
2026/09/24 04:33:28.900,19.190850790861163
2026/09/24 04:33:38.900,19.19085746924429
2026/09/24 04:33:48.900,19.189746924428825
2026/09/24 04:33:58.900,19.19032776801406
2026/09/24 04:34:08.900,19.190601054481547
2026/09/24 04:34:18.900,19.18887803163445
2026/09/24 04:34:28.900,19.190468014059757
2026/09/24 04:34:38.900,19.190773637961335
2026/09/24 04:34:48.900,19.18902021089631
2026/09/24 04:34:58.900,19.18950439367311
2026/09/24 04:35:08.920,19.188328646748683
2026/09/24 04:35:18.920,19.18856889279438
2026/09/24 04:35:28.920,19.18790509666081
2026/09/24 04:35:38.920,19.188635325131813
2026/09/24 04:35:48.920,19.188890333919158
2026/09/24 04:35:58.920,19.187410017574695
2026/09/24 04:36:08.920,19.187525483304043
2026/09/24 04:36:18.936,19.187287873462218
2026/09/24 04:36:28.920,19.187214762741654
2026/09/24 04:36:38.920,19.1866309314587
2026/09/24 04:36:48.920,19.186794727592268
2026/09/24 04:36:58.920,19.18892847100176
2026/09/24 04:37:08.920,19.18717223198594
2026/09/24 04:37:18.936,19.187572759226715
2026/09/24 04:37:28.920,19.185456063268894
2026/09/24 04:37:38.920,19.186740597539547
2026/09/24 04:37:48.920,19.18731107205624
2026/09/24 04:37:58.936,19.186140597539545
2026/09/24 04:38:08.920,19.1868007029877
2026/09/24 04:38:18.920,19.187017398945517
2026/09/24 04:38:28.920,19.185186291739896
2026/09/24 04:38:38.920,19.186776625659054
2026/09/24 04:38:48.920,19.187149384885764
2026/09/24 04:38:58.920,19.184888752196837
2026/09/24 04:39:08.920,19.185910896309316
2026/09/24 04:39:18.920,19.186133919156415
2026/09/24 04:39:28.936,19.185505272407735
2026/09/24 04:39:38.920,19.186679964850615
2026/09/24 04:39:48.936,19.18794516695958
2026/09/24 04:39:58.920,19.184711247803165
2026/09/24 04:40:08.920,19.185672759226716
2026/09/24 04:40:18.920,19.184307381370825
2026/09/24 04:40:28.920,19.185620035149388
2026/09/24 04:40:38.920,19.18479753954306
2026/09/24 04:40:48.920,19.185357996485063
2026/09/24 04:40:58.920,19.182547275922673
2026/09/24 04:41:08.920,19.185349736379617
2026/09/24 04:41:18.920,19.18591370826011
2026/09/24 04:41:28.920,19.184119859402465
2026/09/24 04:41:38.920,19.184933391915642
2026/09/24 04:41:48.920,19.183269771528998
2026/09/24 04:41:58.920,19.184927592267137
2026/09/24 04:42:08.920,19.18310949033392
2026/09/24 04:42:18.936,19.18323251318102
2026/09/24 04:42:28.920,19.184119859402465
2026/09/24 04:42:38.936,19.183282249560634
2026/09/24 04:42:48.920,19.183557293497365
2026/09/24 04:42:58.920,19.183440949033393
2026/09/24 04:43:08.936,19.186480316344465
2026/09/24 04:43:18.936,19.212455711775046
2026/09/24 04:43:28.936,18.881258172231988
2026/09/24 04:43:38.920,17.24606021089631
2026/09/24 04:43:48.920,15.719783673110722
2026/09/24 04:43:58.936,14.420020685413006
2026/09/24 04:44:08.936,13.243485360281197
2026/09/24 04:44:18.920,12.159550878734622
2026/09/24 04:44:28.920,11.170306379613358
2026/09/24 04:44:38.920,10.25384618629174
2026/09/24 04:44:48.920,9.409042618629174
2026/09/24 04:44:58.920,8.638356186291741
2026/09/24 04:45:08.920,7.950766942003516
2026/09/24 04:45:18.920,7.328874358523727
2026/09/24 04:45:28.920,6.735168471001757
2026/09/24 04:45:38.920,6.198563655536028
2026/09/24 04:45:48.920,5.701161775043937
2026/09/24 04:45:58.920,5.251035342706503
2026/09/24 04:46:08.920,4.84118495606327
2026/09/24 04:46:18.920,4.4552913884007035
2026/09/24 04:46:28.920,4.106569648506151
2026/09/24 04:46:38.920,3.7901242530755717
2026/09/24 04:46:48.920,3.4924907557117755
2026/09/24 04:46:58.920,3.218292952548331
2026/09/24 04:47:08.920,2.9666986994727593
2026/09/24 04:47:18.920,2.7351875922671356
2026/09/24 04:47:28.920,2.525018049209139
2026/09/24 04:47:38.920,2.3322208435852376
2026/09/24 04:47:48.920,2.1548150263620385
2026/09/24 04:47:58.936,1.989186660808436
2026/09/24 04:48:08.920,1.837364710017575
2026/09/24 04:48:18.920,1.6995398523725835
2026/09/24 04:48:28.920,1.5714213884007031
2026/09/24 04:48:38.920,1.454382458699473
2026/09/24 04:48:48.920,1.3480414340949034
2026/09/24 04:48:58.920,1.2500046362038666
2026/09/24 04:49:08.920,1.1597671177504396
2026/09/24 04:49:18.920,1.0805285079086118
2026/09/24 04:49:28.920,1.0615588418277682
2026/09/24 04:49:38.936,1.0457583339191565
2026/09/24 04:49:48.920,1.0323019525483303
2026/09/24 04:49:58.920,1.021363179261863
2026/09/24 04:50:08.920,1.0096557012302285
2026/09/24 04:50:18.920,1.002155741652021
2026/09/24 04:50:28.920,0.9955532530755713
2026/09/24 04:50:38.920,0.9878528137082601
2026/09/24 04:50:48.920,0.9829289525483305
2026/09/24 04:50:58.920,0.9762062741652021
2026/09/24 04:51:08.920,0.9720368998242531
2026/09/24 04:51:18.920,0.9691551968365555
2026/09/24 04:51:28.936,0.9637528506151143
2026/09/24 04:51:38.920,0.9623595114235503
2026/09/24 04:51:48.920,0.9578522495606329
2026/09/24 04:51:58.920,0.9538008980667838
2026/09/24 04:52:08.920,0.9540837820738137
2026/09/24 04:52:18.940,0.9526824639718805
2026/09/24 04:52:28.940,0.947443021089631
2026/09/24 04:52:38.940,0.9461588717047452
2026/09/24 04:52:48.940,0.9472643971880492
2026/09/24 04:52:58.940,0.9466166133567663
2026/09/24 04:53:08.940,0.9449935342706504
2026/09/24 04:53:18.940,0.9456887873462214
2026/09/24 04:53:28.940,0.9451907961335677
2026/09/24 04:53:38.940,0.9434853251318103
2026/09/24 04:53:48.940,0.9432271476274167
2026/09/24 04:53:58.940,0.9438738945518453
2026/09/24 04:54:08.940,0.9447344200351495
2026/09/24 04:54:18.940,0.9437697486818981
2026/09/24 04:54:28.940,0.9450395465729351
2026/09/24 04:54:38.956,0.9453828471001758
2026/09/24 04:54:48.956,0.9456635782073815
2026/09/24 04:54:58.940,0.9455468752196836
2026/09/24 04:55:08.940,0.9459232548330404
2026/09/24 04:55:18.940,0.9472764270650265
2026/09/24 04:55:28.940,0.9465327557117752
2026/09/24 04:55:38.940,0.9459830562390158
2026/09/24 04:55:48.940,0.9463949349736381
2026/09/24 04:55:58.940,0.9475007943760986
2026/09/24 04:56:08.940,0.9472668277680141
2026/09/24 04:56:18.940,0.9476531124780317
2026/09/24 04:56:28.940,0.948749732864675
2026/09/24 04:56:38.940,0.9485122460456942
2026/09/24 04:56:48.940,0.9482422829525484
2026/09/24 04:56:58.940,0.9487606766256591
2026/09/24 04:57:08.940,0.9483378400702989
2026/09/24 04:57:18.940,0.9487728541300527
2026/09/24 04:57:28.940,0.9501046432337434
2026/09/24 04:57:38.940,0.9487478066783832
2026/09/24 04:57:48.940,0.9482517926186294
2026/09/24 04:57:58.940,0.9497747996485063
2026/09/24 04:58:08.940,0.9485747100175748
2026/09/24 04:58:18.940,0.9507281564147628
2026/09/24 04:58:28.940,0.9489616889279437
2026/09/24 04:58:38.940,0.9475251616871706
2026/09/24 04:58:48.940,0.94886888400703
2026/09/24 04:58:58.940,0.9507982706502637
2026/09/24 04:59:01.711,0.9507982706502637
